nameLabel;empleados;paisLabel;lon;lat;profesionLabel;nacionalidadLabel
Santa Maria Nuova;3;Italy;11,259894444444;43,773408333333;gynaecologist;Italy
hôpital de Santa-Maria-Nuova;3;Italy;11,259894444444;43,773408333333;gynaecologist;Italy
cimetière de Santa Maria Nuova;3;Italy;11,259894444444;43,773408333333;gynaecologist;Italy
cimitero di S, Maria Nuova in fra l’Ossa;3;Italy;11,259894444444;43,773408333333;gynaecologist;Italy
;2301;United States of America;-94,7771;29,3107;scientist;United States of America
;2301;United States of America;-94,7771;29,3107;physician;United States of America
;2301;United States of America;-94,7771;29,3107;researcher;United States of America
Santa Maria Nuova;3;Italy;11,259894444444;43,773408333333;physician;Italy
hôpital de Santa-Maria-Nuova;3;Italy;11,259894444444;43,773408333333;physician;Italy
cimetière de Santa Maria Nuova;3;Italy;11,259894444444;43,773408333333;physician;Italy
cimitero di S, Maria Nuova in fra l’Ossa;3;Italy;11,259894444444;43,773408333333;physician;Italy
Santa Maria Nuova;3;Italy;11,259894444444;43,773408333333;physician;Kingdom of Italy
hôpital de Santa-Maria-Nuova;3;Italy;11,259894444444;43,773408333333;physician;Kingdom of Italy
cimetière de Santa Maria Nuova;3;Italy;11,259894444444;43,773408333333;physician;Kingdom of Italy
cimitero di S, Maria Nuova in fra l’Ossa;3;Italy;11,259894444444;43,773408333333;physician;Kingdom of Italy
Santa Maria Nuova;3;Italy;11,259894444444;43,773408333333;writer;Italy
hôpital de Santa-Maria-Nuova;3;Italy;11,259894444444;43,773408333333;writer;Italy
cimetière de Santa Maria Nuova;3;Italy;11,259894444444;43,773408333333;writer;Italy
cimitero di S, Maria Nuova in fra l’Ossa;3;Italy;11,259894444444;43,773408333333;writer;Italy
Santa Maria Nuova;3;Italy;11,259894444444;43,773408333333;art historian;Italy
hôpital de Santa-Maria-Nuova;3;Italy;11,259894444444;43,773408333333;art historian;Italy
cimetière de Santa Maria Nuova;3;Italy;11,259894444444;43,773408333333;art historian;Italy
cimitero di S, Maria Nuova in fra l’Ossa;3;Italy;11,259894444444;43,773408333333;art historian;Italy
Santa Maria Nuova;3;Italy;11,259894444444;43,773408333333;university teacher;Kingdom of Italy
hôpital de Santa-Maria-Nuova;3;Italy;11,259894444444;43,773408333333;university teacher;Kingdom of Italy
cimetière de Santa Maria Nuova;3;Italy;11,259894444444;43,773408333333;university teacher;Kingdom of Italy
cimitero di S, Maria Nuova in fra l’Ossa;3;Italy;11,259894444444;43,773408333333;university teacher;Kingdom of Italy
Santa Maria Nuova;3;Italy;11,259894444444;43,773408333333;biochemist;Italy
hôpital de Santa-Maria-Nuova;3;Italy;11,259894444444;43,773408333333;biochemist;Italy
cimetière de Santa Maria Nuova;3;Italy;11,259894444444;43,773408333333;biochemist;Italy
cimitero di S, Maria Nuova in fra l’Ossa;3;Italy;11,259894444444;43,773408333333;biochemist;Italy
Santa Maria Nuova;3;Italy;11,259894444444;43,773408333333;teacher;Italy
hôpital de Santa-Maria-Nuova;3;Italy;11,259894444444;43,773408333333;teacher;Italy
cimetière de Santa Maria Nuova;3;Italy;11,259894444444;43,773408333333;teacher;Italy
cimitero di S, Maria Nuova in fra l’Ossa;3;Italy;11,259894444444;43,773408333333;teacher;Italy
Santa Maria Nuova;3;Italy;11,259894444444;43,773408333333;biologist;Italy
hôpital de Santa-Maria-Nuova;3;Italy;11,259894444444;43,773408333333;biologist;Italy
cimetière de Santa Maria Nuova;3;Italy;11,259894444444;43,773408333333;biologist;Italy
cimitero di S, Maria Nuova in fra l’Ossa;3;Italy;11,259894444444;43,773408333333;biologist;Italy
Santa Maria Nuova;3;Italy;11,259894444444;43,773408333333;psychoanalyst;Italy
hôpital de Santa-Maria-Nuova;3;Italy;11,259894444444;43,773408333333;psychoanalyst;Italy
cimetière de Santa Maria Nuova;3;Italy;11,259894444444;43,773408333333;psychoanalyst;Italy
cimitero di S, Maria Nuova in fra l’Ossa;3;Italy;11,259894444444;43,773408333333;psychoanalyst;Italy
;2301;United States of America;-94,7771;29,3107;medical researcher;United States of America
Santa Maria Nuova;3;Italy;11,259894444444;43,773408333333;chemist;Italy
hôpital de Santa-Maria-Nuova;3;Italy;11,259894444444;43,773408333333;chemist;Italy
cimetière de Santa Maria Nuova;3;Italy;11,259894444444;43,773408333333;chemist;Italy
cimitero di S, Maria Nuova in fra l’Ossa;3;Italy;11,259894444444;43,773408333333;chemist;Italy
Santa Maria Nuova;3;Italy;11,259894444444;43,773408333333;psychiatrist;Italy
hôpital de Santa-Maria-Nuova;3;Italy;11,259894444444;43,773408333333;psychiatrist;Italy
cimetière de Santa Maria Nuova;3;Italy;11,259894444444;43,773408333333;psychiatrist;Italy
cimitero di S, Maria Nuova in fra l’Ossa;3;Italy;11,259894444444;43,773408333333;psychiatrist;Italy
Santa Maria Nuova;3;Italy;11,259894444444;43,773408333333;librarian;Italy
hôpital de Santa-Maria-Nuova;3;Italy;11,259894444444;43,773408333333;librarian;Italy
cimetière de Santa Maria Nuova;3;Italy;11,259894444444;43,773408333333;librarian;Italy
cimitero di S, Maria Nuova in fra l’Ossa;3;Italy;11,259894444444;43,773408333333;librarian;Italy
Santa Maria Nuova;3;Italy;11,259894444444;43,773408333333;oncologist;Italy
hôpital de Santa-Maria-Nuova;3;Italy;11,259894444444;43,773408333333;oncologist;Italy
cimetière de Santa Maria Nuova;3;Italy;11,259894444444;43,773408333333;oncologist;Italy
cimitero di S, Maria Nuova in fra l’Ossa;3;Italy;11,259894444444;43,773408333333;oncologist;Italy
;2301;United States of America;-94,7771;29,3107;virologist;United States of America
;2301;United States of America;-94,7771;29,3107;epidemiologist;United States of America
;8893;Austria;16,3475;48,22;sex educator;Austria
;1713;Switzerland;8,5706;47,3527;essayist;Russian Empire
;11500;Canada;-73,600974;45,472891;jurist;Canada
;1713;Switzerland;8,5706;47,3527;physician;Soviet Union
;3000;Norway;9,5930555555556;59,191111111111;physician;Norway
;1713;Switzerland;8,5706;47,3527;psychoanalyst;Russian Empire
;3000;Norway;9,5930555555556;59,191111111111;handball player;Norway
;8893;Austria;16,3475;48,22;sex educator;United States of America
;1713;Switzerland;8,5706;47,3527;essayist;Soviet Union
;3000;Norway;9,5930555555556;59,191111111111;researcher;Norway
;11500;Canada;-73,600974;45,472891;geneticist;Canada
;1713;Switzerland;8,5706;47,3527;psychiatrist;Switzerland
;1713;Switzerland;8,5706;47,3527;psychiatrist;Russian Empire
;1713;Switzerland;8,5706;47,3527;psychoanalyst;Soviet Union
;500;Germany;13,3706;52,5556;physician;Nazi Germany
;8893;Austria;16,3475;48,22;gynaecologist;Cisleithania
;1713;Switzerland;8,5706;47,3527;psychiatrist;Soviet Union
;1056;Namibia;17,07095;-22,55417778;ophthalmologist;Namibia
;8893;Austria;16,3475;48,22;politician;Austria
;8893;Austria;16,3475;48,22;writer;Austria
;8893;Austria;16,3475;48,22;philosopher;Austria
;8893;Austria;16,3475;48,22;academic;Austria
;11500;Canada;-73,600974;45,472891;cardiologist;Canada
;8893;Austria;16,3475;48,22;writer;United States of America
;8893;Austria;16,3475;48,22;physician;Cisleithania
;8893;Austria;16,3475;48,22;philosopher;United States of America
;8893;Austria;16,3475;48,22;sex educator;Austria-Hungary
;8893;Austria;16,3475;48,22;psychoanalyst;Austria
;8893;Austria;16,3475;48,22;university teacher;Cisleithania
;500;Germany;13,3706;52,5556;physician;Kingdom of Prussia
;8893;Austria;16,3475;48,22;academic;United States of America
;8893;Austria;16,3475;48,22;psychiatrist;Austria
;8893;Austria;16,3475;48,22;psychoanalyst;United States of America
;8893;Austria;16,3475;48,22;dermatologist;Austria
;8893;Austria;16,3475;48,22;gynaecologist;Austrian Empire
;8893;Austria;16,3475;48,22;histologist;Cisleithania
;8893;Austria;16,3475;48,22;psychiatrist;United States of America
;8893;Austria;16,3475;48,22;non-fiction writer;Austria
;8893;Austria;16,3475;48,22;medical specialist;Austria
;500;Germany;13,3706;52,5556;genealogist;Nazi Germany
;8893;Austria;16,3475;48,22;pathologist;Cisleithania
;8893;Austria;16,3475;48,22;nurse;Cisleithania
;500;Germany;13,3706;52,5556;amateur photographer;Nazi Germany
;8893;Austria;16,3475;48,22;physician;Austria-Hungary
;8893;Austria;16,3475;48,22;writer;Austria-Hungary
;8893;Austria;16,3475;48,22;health economist;Austria
;8893;Austria;16,3475;48,22;philosopher;Austria-Hungary
;8893;Austria;16,3475;48,22;physician;Austrian Empire
;8893;Austria;16,3475;48,22;university teacher;Austria-Hungary
;8893;Austria;16,3475;48,22;university teacher;Austrian Empire
;8893;Austria;16,3475;48,22;academic;Austria-Hungary
;3000;Norway;9,5930555555556;59,191111111111;public health physician;Norway
;8893;Austria;16,3475;48,22;psychoanalyst;Austria-Hungary
;8893;Austria;16,3475;48,22;pediatrician;Austria-Hungary
;500;Germany;13,3706;52,5556;genealogist;Kingdom of Prussia
;8893;Austria;16,3475;48,22;histologist;Austrian Empire
;8893;Austria;16,3475;48,22;psychiatrist;Austria-Hungary
;11500;Canada;-73,600974;45,472891;professor;Canada
;500;Germany;13,3706;52,5556;amateur photographer;Kingdom of Prussia
;1713;Switzerland;8,5706;47,3527;physician;Russian Empire
;8893;Austria;16,3475;48,22;pathologist;Austrian Empire
;3341;Latvia;24,065;56,93166667;scientist;Soviet Union
;3341;Latvia;24,065;56,93166667;physician;Soviet Union
;365;Austria;16,3444;48,2158;art collector;Cisleithania
;570;Germany;6,263994;50,818101;cardiologist;Germany
;3341;Latvia;24,065;56,93166667;university teacher;Soviet Union
;550;Germany;6,9622;50,9474;physician;German Reich
;3341;Latvia;24,065;56,93166667;lecturer;Latvia
;1749;Austria;14,2961;48,2803;family therapist;Austria
;570;Germany;6,26442;50,81845;physician;Germany
;550;Germany;6,9622;50,9474;surgeon;German Reich
;3341;Latvia;24,065;56,93166667;infectious disease physician;Latvia
;3341;Latvia;24,065;56,93166667;lecturer;Soviet Union
;1749;Austria;14,2961;48,2803;Q2496362;Austria
;570;Germany;6,26442;50,81845;surgeon;Germany
;1749;Austria;14,2961;48,2803;physician;Austria
;3341;Latvia;24,065;56,93166667;rheumatologist;Latvia
;1749;Austria;14,2961;48,2803;manager;Austria
;3341;Latvia;24,065;56,93166667;virologist;Latvia
;3341;Latvia;24,065;56,93166667;infectious disease physician;Soviet Union
;365;Austria;16,3444;48,2158;physician;Austria
;1749;Austria;14,2961;48,2803;psychoanalyst;Austria
;550;Germany;6,9622;50,9474;entomologist;German Reich
;3341;Latvia;24,065;56,93166667;virologist;Soviet Union
;3341;Latvia;24,065;56,93166667;hepatologist;Latvia
;365;Austria;16,3444;48,2158;surgeon;Austria
;1749;Austria;14,2961;48,2803;psychiatrist;Austria
;365;Austria;16,3444;48,2158;physician;Cisleithania
;3341;Latvia;24,065;56,93166667;hepatologist;Soviet Union
;3341;Latvia;24,065;56,93166667;cardiac surgeon;Latvia
;570;Germany;6,26442;50,81845;internist;Germany
;570;Germany;6,263994;50,818101;physician;Germany
;365;Austria;16,3444;48,2158;surgeon;Cisleithania
;791;Germany;8,83489;53,0834;physician;Germany
;791;Germany;8,83489;53,0834;university teacher;Germany
;570;Germany;6,263994;50,818101;surgeon;Germany
;3341;Latvia;24,065;56,93166667;cardiac surgeon;Soviet Union
;570;Germany;6,26442;50,81845;cardiologist;Germany
;2500;Germany;8,879495;51,941461;physician;Germany
;3341;Latvia;24,065;56,93166667;scientist;Latvia
;570;Germany;6,263994;50,818101;internist;Germany
;3341;Latvia;24,065;56,93166667;physician;Latvia
;365;Austria;16,3444;48,2158;art collector;Austria
;791;Germany;8,83489;53,0834;internist;Germany
;3341;Latvia;24,065;56,93166667;university teacher;Latvia
;3341;Latvia;24,065;56,93166667;researcher;Latvia
;2300;Germany;14,3229;51,7429;dental surgeon;German Democratic Republic
;2300;Germany;14,3229;51,7429;stomatologist;German Democratic Republic
;1700;Germany;11,503370194055;48,165447738684;physician;Germany
;48;United States of America;-95,3975;29,7078;researcher;Romania
;48;United States of America;-95,3975;29,7078;researcher;Argentina
;2600;Germany;9,706475;50,546722;emergency physician;Germany
;48;United States of America;-95,3975;29,7078;researcher;Spain
;48;United States of America;-95,3975;29,7078;psychologist;Italy
;48;United States of America;-95,3975;29,7078;researcher;South Korea
;48;United States of America;-95,3975;29,7078;scientist;United States of America
;48;United States of America;-95,3975;29,7078;researcher;United Kingdom
;48;United States of America;-95,3975;29,7078;professor;United States of America
;48;United States of America;-95,3975;29,7078;physician;United States of America
;48;United States of America;-95,3975;29,7078;tennis player;United States of America
;2301;United States of America;-94,7771;29,3107;women's studies scholar;United States of America
;520;Germany;10,1967;53,82;botanist;Kingdom of Yugoslavia
;48;United States of America;-95,3975;29,7078;university teacher;United States of America
;520;Germany;10,1967;53,82;physician;Kingdom of Yugoslavia
;48;United States of America;-95,3975;29,7078;pharmacologist;United States of America
;48;United States of America;-95,3975;29,7078;researcher;United States of America
;48;United States of America;-95,3975;29,7078;surgeon;United States of America
;1700;Germany;9,32659;48,7371;physician;German Reich
;10000;Canada;-73,557896;45,512177;neuroendocrinologist;Canada
;2600;Germany;8,544722;52,014167;orthopedic surgeon;Germany
;10000;Canada;-73,557896;45,512177;scientist;Canada
;48;United States of America;-95,3975;29,7078;pathologist;Taiwan
;10000;Canada;-73,557896;45,512177;physician;Canada
;48;United States of America;-95,3975;29,7078;statistician;South Korea
;48;United States of America;-95,3975;29,7078;geneticist;United States of America
;10000;Canada;-73,557896;45,512177;adjunct professor;Canada
;10000;Canada;-73,557896;45,512177;university teacher;Japan
;1000;Germany;13,5086;52,5268;politician;Germany
;10000;Canada;-73,557896;45,512177;university teacher;Canada
;48;United States of America;-95,3975;29,7078;immunologist;United States of America
;10000;Canada;-73,557896;45,512177;researcher;Canada
;10000;Canada;-73,557896;45,512177;teacher;Canada
;2346;Germany;11,503370194055;48,165447738684;physician;Germany
;48;United States of America;-95,3975;29,7078;academic administrator;United States of America
;48;United States of America;-95,3975;29,7078;plastic surgeon;United States of America
;520;Germany;10,1967;53,82;microbiologist;Kingdom of Yugoslavia
;48;United States of America;-95,3975;29,7078;oncologist;United States of America
;2300;Germany;14,3229;51,7429;writer;Germany
;1700;Germany;9,32659;48,7371;philanthropist;German Reich
;10000;Canada;-73,557896;45,512177;pediatrician;Canada
;2301;United States of America;-94,7771;29,3107;university teacher;United States of America
;2600;Germany;8,544722;52,014167;author;Germany
;48;United States of America;-95,3975;29,7078;biotechnologist;Argentina
;2600;Germany;8,544722;52,014167;researcher;Germany
;10000;Canada;-73,557896;45,512177;microbiologist;Canada
;10000;Canada;-73,557896;45,512177;nurse;Canada
;1000;Germany;13,5086;52,5268;politician;German Democratic Republic
;1000;Germany;13,5086;52,5268;urologist;Germany
;2301;United States of America;-94,7771;29,3107;pediatrician;United States of America
;4100;Germany;8,526635;52,012703;pediatrician;Germany
;10000;Canada;-73,557896;45,512177;infectious disease physician;Canada
;10000;Canada;-73,557896;45,512177;occupational therapist;Japan
;48;United States of America;-95,3975;29,7078;anesthesiologist;United States of America
;10000;Canada;-73,557896;45,512177;occupational therapist;Canada
;2300;Germany;14,3229;51,7429;writer;German Democratic Republic
;4100;Germany;8,526635;52,012703;pediatric surgeon;Germany
;2300;Germany;14,3229;51,7429;oral and maxillofacial surgeon;Germany
;520;Germany;10,1967;53,82;researcher;Germany
;520;Germany;10,1967;53,82;biochemist;Germany
;2600;Germany;9,706475;50,546722;attending physician;Germany
;387;Germany;12,3203;51,3431;university teacher;Germany
;2300;Germany;14,3229;51,7429;dental surgeon;Germany
;387;Germany;12,3203;51,3431;surgeon;Germany
;1000;Germany;13,5086;52,5268;urologist;German Democratic Republic
;2300;Germany;14,3229;51,7429;stomatologist;Germany
;2600;Germany;8,544722;52,014167;trauma surgeon;Germany
;2600;Germany;8,544722;52,014167;ophthalmologist;Germany
;2300;Germany;14,3229;51,7429;oral and maxillofacial surgeon;German Democratic Republic
;2600;Germany;9,706475;50,546722;internist;Germany
;48;United States of America;-95,3975;29,7078;physician;Spain
;48;United States of America;-95,3975;29,7078;university teacher;Germany
;48;United States of America;-95,3975;29,7078;university teacher;France
;48;United States of America;-95,3975;29,7078;physician writer;Spain
;7219;Switzerland;7,5830555555556;47,562777777778;gynaecologist;Switzerland
;48;United States of America;-95,3975;29,7078;entrepreneur;Germany
;48;United States of America;-95,3975;29,7078;researcher;Germany
;48;United States of America;-95,3975;29,7078;researcher;Portugal
;48;United States of America;-95,3975;29,7078;researcher;Turkey
;48;United States of America;-95,3975;29,7078;academic;Italy
;48;United States of America;-95,3975;29,7078;academic;India
;48;United States of America;-95,3975;29,7078;researcher;India
;48;United States of America;-95,3975;29,7078;researcher;Japan
;48;United States of America;-95,3975;29,7078;computer scientist;United States of America
;48;United States of America;-95,3975;29,7078;botanist;United States of America
;48;United States of America;-95,3975;29,7078;physicist;United States of America
;48;United States of America;-95,3975;29,7078;biologist;Japan
;48;United States of America;-95,3975;29,7078;engineer;Greece
;48;United States of America;-95,3975;29,7078;inventor;Germany
;48;United States of America;-95,3975;29,7078;cellist;United States of America
;48;United States of America;-95,3975;29,7078;molecular biologist;Taiwan
;48;United States of America;-95,3975;29,7078;biologist;United States of America
;48;United States of America;-95,3975;29,7078;engineer;United States of America
;48;United States of America;-95,3975;29,7078;veterinarian;France
;48;United States of America;-95,3975;29,7078;molecular biologist;United States of America
;48;United States of America;-95,3975;29,7078;neuroscientist;France
;48;United States of America;-95,3975;29,7078;plastic surgeon;Japan
;48;United States of America;-95,3975;29,7078;oncologist;Turkey
;48;United States of America;-95,3975;29,7078;oncologist;Panama
;48;United States of America;-95,3975;29,7078;oncologist;France
;48;United States of America;-95,3975;29,7078;dermatologist;United States of America
;7219;Switzerland;7,5830555555556;47,562777777778;researcher;Portugal
;7219;Switzerland;7,5830555555556;47,562777777778;researcher;Switzerland
;2301;United States of America;-94,7771;29,3107;physician;Peru
;2301;United States of America;-94,7771;29,3107;physician;Hungary
;48;United States of America;-95,3975;29,7078;lobbyist;France
;48;United States of America;-95,3975;29,7078;neuroscientist;United States of America
;48;United States of America;-95,3975;29,7078;internist;Germany
;48;United States of America;-95,3975;29,7078;statistician;United States of America
;48;United States of America;-95,3975;29,7078;internist;Japan
;2301;United States of America;-94,7771;29,3107;university teacher;Canada
;48;United States of America;-95,3975;29,7078;neurologist;Spain
;2301;United States of America;-94,7771;29,3107;pharmacologist;Hungary
;2301;United States of America;-94,7771;29,3107;researcher;Peru
;2301;United States of America;-94,7771;29,3107;researcher;Hungary
;2301;United States of America;-94,7771;29,3107;researcher;Canada
;2301;United States of America;-94,7771;29,3107;biologist;Russia
;2301;United States of America;-94,7771;29,3107;philosopher;United States of America
;48;United States of America;-95,3975;29,7078;radiologist;United States of America
;48;United States of America;-95,3975;29,7078;cardiologist;Germany
;2301;United States of America;-94,7771;29,3107;biologist;United States of America
;2301;United States of America;-94,7771;29,3107;biologist;Soviet Union
;7219;Switzerland;7,5830555555556;47,562777777778;oncologist;Switzerland
;2301;United States of America;-94,7771;29,3107;microbiologist;Canada
;48;United States of America;-95,3975;29,7078;neurobiologist;France
;48;United States of America;-95,3975;29,7078;radiation oncologist;United States of America
;48;United States of America;-95,3975;29,7078;epidemiologist;United States of America
;7219;Switzerland;7,5830555555556;47,562777777778;neurosurgeon;Switzerland
;48;United States of America;-95,3975;29,7078;biostatistician;United States of America
;2301;United States of America;-94,7771;29,3107;applied mathematician;Russia
;2301;United States of America;-94,7771;29,3107;bioethicist;United States of America
;2301;United States of America;-94,7771;29,3107;applied mathematician;United States of America
;2301;United States of America;-94,7771;29,3107;aviation medical examiner;United States of America
;2301;United States of America;-94,7771;29,3107;applied mathematician;Soviet Union
;48;United States of America;-95,3975;29,7078;scientist;Germany
;48;United States of America;-95,3975;29,7078;computer scientist;Greece
;48;United States of America;-95,3975;29,7078;physician;Germany
;48;United States of America;-95,3975;29,7078;writer;Germany
;48;United States of America;-95,3975;29,7078;physician;France
;18298;Germany;13,377222;52,526944;music theorist;Kingdom of Prussia
;18298;Germany;13,377222;52,526944;naturalist;German Reich
;18298;Germany;13,377222;52,526944;chemist;Kingdom of Prussia
;18298;Germany;13,377222;52,526944;psychiatrist;Kingdom of Prussia
;18298;Germany;13,377222;52,526944;university teacher;Grand Duchy of Baden
;18298;Germany;13,377222;52,526944;neurologist;United States of America
;18298;Germany;13,377222;52,526944;ophthalmologist;German Reich
;18298;Germany;13,377222;52,526944;immunologist;Kingdom of Prussia
;18298;Germany;13,377222;52,526944;musicologist;Kingdom of Prussia
;18298;Germany;13,377222;52,526944;biophysicist;Kingdom of Prussia
;18298;Germany;13,377222;52,526944;pathologist;Kingdom of Prussia
;18298;Germany;13,377222;52,526944;neurologist;Duchy of Saxe-Meiningen
;18298;Germany;13,377222;52,526944;internist;Kingdom of Prussia
;18298;Germany;13,377222;52,526944;psychiatrist;Grand Duchy of Baden
;18298;Germany;13,377222;52,526944;neurologist;Kingdom of Prussia
;18298;Germany;13,377222;52,526944;naturalist;Kingdom of Prussia
;18298;Germany;13,377222;52,526944;ophthalmologist;Kingdom of Prussia
;18298;Germany;13,377222;52,526944;neuropathologist;Germany
;18298;Germany;13,377222;52,526944;military physician;German Reich
;18298;Germany;13,377222;52,526944;neurologist;Grand Duchy of Baden
;18298;Germany;13,377222;52,526944;chief physician;Kingdom of Prussia
;18298;Germany;13,377222;52,526944;gynaecologist;Germany
;18298;Germany;13,377222;52,526944;gynaecologist;Israel
;18298;Germany;13,377222;52,526944;anatomist;German Reich
;18298;Germany;13,377222;52,526944;physician;Germany
;18298;Germany;13,377222;52,526944;physician;Israel
;18298;Germany;13,377222;52,526944;judge;Germany
;18298;Germany;13,377222;52,526944;scientist;Kingdom of Württemberg
;18298;Germany;13,377222;52,526944;physician;German Empire
;18298;Germany;13,377222;52,526944;physiologist;German Reich
;18298;Germany;13,377222;52,526944;physicist;German Reich
;18298;Germany;13,377222;52,526944;philosopher;German Reich
;18298;Germany;13,377222;52,526944;physician;Kingdom of Württemberg
;18298;Germany;13,377222;52,526944;university teacher;Germany
;18298;Germany;13,377222;52,526944;university teacher;Israel
;18298;Germany;13,377222;52,526944;university teacher;German Empire
;18298;Germany;13,377222;52,526944;university teacher;German Reich
;18298;Germany;13,377222;52,526944;military physician;Kingdom of Prussia
;18298;Germany;13,377222;52,526944;university teacher;United Kingdom
;18298;Germany;13,377222;52,526944;university teacher;Kingdom of Württemberg
;18298;Germany;13,377222;52,526944;pharmacologist;German Empire
;18298;Germany;13,377222;52,526944;biochemist;Germany
;18298;Germany;13,377222;52,526944;psychologist;German Reich
;18298;Germany;13,377222;52,526944;surgeon;Germany
;18298;Germany;13,377222;52,526944;biochemist;United Kingdom
;18298;Germany;13,377222;52,526944;biologist;German Empire
;18298;Germany;13,377222;52,526944;inventor;German Empire
;18298;Germany;13,377222;52,526944;music theorist;German Reich
;18298;Germany;13,377222;52,526944;anatomist;Kingdom of Prussia
;18298;Germany;13,377222;52,526944;physician;Duchy of Saxe-Meiningen
;18298;Germany;13,377222;52,526944;chemist;Germany
;18298;Germany;13,377222;52,526944;chemist;German Empire
;18298;Germany;13,377222;52,526944;psychiatrist;Germany
;18298;Germany;13,377222;52,526944;chemist;United Kingdom
;18298;Germany;13,377222;52,526944;psychiatrist;Kingdom of Württemberg
;18298;Germany;13,377222;52,526944;university teacher;Duchy of Saxe-Meiningen
;18298;Germany;13,377222;52,526944;immunologist;German Empire
;18298;Germany;13,377222;52,526944;musicologist;German Reich
;18298;Germany;13,377222;52,526944;biophysicist;German Reich
;18298;Germany;13,377222;52,526944;neuroscientist;Germany
;18298;Germany;13,377222;52,526944;pathologist;Germany
;18298;Germany;13,377222;52,526944;pathologist;German Reich
;18298;Germany;13,377222;52,526944;physician;Kingdom of Prussia
;18298;Germany;13,377222;52,526944;physiologist;Kingdom of Prussia
;18298;Germany;13,377222;52,526944;physicist;Kingdom of Prussia
;18298;Germany;13,377222;52,526944;philosopher;Kingdom of Prussia
;18298;Germany;13,377222;52,526944;psychiatrist;United States of America
;18298;Germany;13,377222;52,526944;university teacher;Kingdom of Prussia
;18298;Germany;13,377222;52,526944;pharmacologist;Kingdom of Prussia
;18298;Germany;13,377222;52,526944;psychologist;Kingdom of Prussia
;18298;Germany;13,377222;52,526944;surgeon;Kingdom of Prussia
;18298;Germany;13,377222;52,526944;biologist;Kingdom of Prussia
;18298;Germany;13,377222;52,526944;internist;Kingdom of Württemberg
;18298;Germany;13,377222;52,526944;neurologist;Germany
;18298;Germany;13,377222;52,526944;inventor;Kingdom of Prussia
;18298;Germany;13,377222;52,526944;neurologist;Kingdom of Württemberg
;18298;Germany;13,377222;52,526944;bacteriologist;Germany
;18298;Germany;13,377222;52,526944;bacteriologist;German Empire
;18298;Germany;13,377222;52,526944;ophthalmologist;Germany
;18298;Germany;13,377222;52,526944;ophthalmologist;Prussia
;18298;Germany;13,377222;52,526944;non-fiction writer;Kingdom of Prussia
;18298;Germany;13,377222;52,526944;bacteriologist;Kingdom of Prussia
;18298;Germany;13,377222;52,526944;prehistorian;Kingdom of Prussia
;18298;Germany;13,377222;52,526944;paleoanthropologist;Kingdom of Prussia
;18298;Germany;13,377222;52,526944;paleontologist;Kingdom of Prussia
;18298;Germany;13,377222;52,526944;anatomist;Germany
;18298;Germany;13,377222;52,526944;politician;Germany
;18298;Germany;13,377222;52,526944;politician;Austria
;18298;Germany;13,377222;52,526944;physiologist;Germany
;18298;Germany;13,377222;52,526944;physician;Austria
;18298;Germany;13,377222;52,526944;physiologist;German Empire
;18298;Germany;13,377222;52,526944;university teacher;Austria
;18298;Germany;13,377222;52,526944;university teacher;Prussia
;18298;Germany;13,377222;52,526944;academic;Germany
;18298;Germany;13,377222;52,526944;pediatrician;Germany
;18298;Germany;13,377222;52,526944;psychiatrist;Austria
;18298;Germany;13,377222;52,526944;dermatologist;Germany
;18298;Germany;13,377222;52,526944;microbiologist;Germany
;18298;Germany;13,377222;52,526944;professor;Kingdom of Prussia
;18298;Germany;13,377222;52,526944;politician;Kingdom of Prussia
;18298;Germany;13,377222;52,526944;writer;Kingdom of Prussia
;18298;Germany;13,377222;52,526944;medical historian;Germany
;18298;Germany;13,377222;52,526944;non-fiction writer;German Empire
;18298;Germany;13,377222;52,526944;academic;Kingdom of Prussia
;18298;Germany;13,377222;52,526944;internist;Germany
;18298;Germany;13,377222;52,526944;internist;Austria
;18298;Germany;13,377222;52,526944;internist;German Reich
;18298;Germany;13,377222;52,526944;archaeologist;Kingdom of Prussia
;18298;Germany;13,377222;52,526944;neurologist;Austria
;18298;Germany;13,377222;52,526944;pianist;Kingdom of Prussia
;18298;Germany;13,377222;52,526944;anthropologist;Kingdom of Prussia
;18298;Germany;13,377222;52,526944;venereologist;Germany
;18298;Germany;13,377222;52,526944;prehistorian;Germany
;18298;Germany;13,377222;52,526944;prehistorian;Austria
;18298;Germany;13,377222;52,526944;zoological collector;Germany
;18298;Germany;13,377222;52,526944;zoological collector;Austria
;18298;Germany;13,377222;52,526944;internist;German Democratic Republic
;18298;Germany;13,377222;52,526944;military physician;Germany
;18298;Germany;13,377222;52,526944;allergist;Germany
;18298;Germany;13,377222;52,526944;Q1498417;Germany
;18298;Germany;13,377222;52,526944;physician;West Germany
;18298;Germany;13,377222;52,526944;physician;Russian Empire
;18298;Germany;13,377222;52,526944;university teacher;Switzerland
;18298;Germany;13,377222;52,526944;pharmacologist;Germany
;18298;Germany;13,377222;52,526944;psychologist;Switzerland
;18298;Germany;13,377222;52,526944;biochemist;Austria
;18298;Germany;13,377222;52,526944;biochemist;West Germany
;18298;Germany;13,377222;52,526944;ethnographer;Germany
;18298;Germany;13,377222;52,526944;ethnographer;Austria
;18298;Germany;13,377222;52,526944;surgeon;German Empire
;18298;Germany;13,377222;52,526944;biochemist;Russian Empire
;18298;Germany;13,377222;52,526944;physician;United States of America
;18298;Germany;13,377222;52,526944;explorer;Germany
;18298;Germany;13,377222;52,526944;explorer;Austria
;18298;Germany;13,377222;52,526944;archaeologist;Germany
;18298;Germany;13,377222;52,526944;archaeologist;Austria
;18298;Germany;13,377222;52,526944;anthropologist;Germany
;18298;Germany;13,377222;52,526944;anthropologist;Austria
;18298;Germany;13,377222;52,526944;biochemist;United States of America
;18298;Germany;13,377222;52,526944;physician;Russian Soviet Federative Socialist Republic
;18298;Germany;13,377222;52,526944;psychiatrist;Switzerland
;18298;Germany;13,377222;52,526944;military personnel;Germany
;18298;Germany;13,377222;52,526944;biochemist;Russian Soviet Federative Socialist Republic
;18298;Germany;13,377222;52,526944;politician;German Democratic Republic
;18298;Germany;13,377222;52,526944;physician;German Democratic Republic
;18298;Germany;13,377222;52,526944;university teacher;German Democratic Republic
;18298;Germany;13,377222;52,526944;non-fiction writer;Germany
;18298;Germany;13,377222;52,526944;psychotherapist;Germany
;18298;Germany;13,377222;52,526944;pharmacologist;German Democratic Republic
;18298;Germany;13,377222;52,526944;biochemist;German Democratic Republic
;18298;Germany;13,377222;52,526944;internist;German Empire
;18298;Germany;13,377222;52,526944;neurologist;Switzerland
;18298;Germany;13,377222;52,526944;neurosurgeon;German Empire
;285;Germany;11,558974650062;48,130169424109;physician;German Reich
;11500;Canada;-73,600974;45,472891;researcher;Canada
;18298;Germany;13,377222;52,526944;pediatrician;German Democratic Republic
;285;Germany;11,558974650062;48,130169424109;author;German Reich
;48;United States of America;-95,3975;29,7078;researcher;Peru
;1500;Israel;34,867504;32,088104;pediatrician;Israel
;168;Germany;11,558974650062;48,130169424109;physician;Kingdom of Bavaria
;168;Germany;11,558974650062;48,130169424109;author;Kingdom of Bavaria
;48;United States of America;-95,3975;29,7078;molecular biologist;People's Republic of China
;11500;Canada;-73,600974;45,472891;psychiatrist;Canada
;48;United States of America;-95,3975;29,7078;immunologist;Israel
;48;United States of America;-95,3975;29,7078;cancer researcher;Taiwan
;48;United States of America;-95,3975;29,7078;medical researcher;People's Republic of China
;700;Austria;16,281938888889;48,163580555556;anesthesiologist;Austria
;11500;Canada;-73,600974;45,472891;lyricist;Canada
;285;Germany;11,558974650062;48,130169424109;physician;Kingdom of Bavaria
;7219;Switzerland;7,5830555555556;47,562777777778;university teacher;Switzerland
;4368;Germany;13,405278;54,088333;computer scientist;Germany
;4368;Germany;13,405278;54,088333;professor;Germany
;285;Germany;11,558974650062;48,130169424109;author;Kingdom of Bavaria
;7219;Switzerland;7,5830555555556;47,562777777778;researcher;France
;7219;Switzerland;7,5830555555556;47,562777777778;surgeon;Switzerland
;48;United States of America;-95,3975;29,7078;cancer researcher;United States of America
;4368;Germany;13,405278;54,088333;university teacher;Germany
;48;United States of America;-95,3975;29,7078;consultant;United States of America
;4368;Germany;13,405278;54,088333;researcher;Germany
;4368;Germany;13,405278;54,088333;surgeon;Germany
;11500;Canada;-73,600974;45,472891;emperor;Aerican Empire
;4900;Germany;12,0904;48,9878;biologist;Germany
;10805;United States of America;-95,4029;29,7033;researcher;Romania
;10805;United States of America;-95,4029;29,7033;researcher;United States of America
;4368;Germany;13,405278;54,088333;computer scientist;German Democratic Republic
;11500;Canada;-73,600974;45,472891;psychiatrist;Aerican Empire
;7219;Switzerland;7,5830555555556;47,562777777778;hunter;Switzerland
;1925;Germany;13,510033;52,630944;politician;Germany
;48;United States of America;-95,3975;29,7078;medicinal chemist;United States of America
;1925;Germany;13,510033;52,630944;physician;Germany
;4368;Germany;13,405278;54,088333;researcher;German Democratic Republic
;18298;Germany;13,377222;52,526944;physician;Nazi Germany
;48;United States of America;-95,3975;29,7078;applied mathematician;United States of America
;18298;Germany;13,377222;52,526944;university teacher;Nazi Germany
;18298;Germany;13,377222;52,526944;university teacher;West Germany
;11500;Canada;-73,600974;45,472891;lyricist;Aerican Empire
;18298;Germany;13,377222;52,526944;university teacher;United States of America
;700;Austria;16,281938888889;48,163580555556;intensive care medicine;Austria
;18298;Germany;13,377222;52,526944;pediatrician;Nazi Germany
;18298;Germany;13,377222;52,526944;pediatrician;Austria
;18298;Germany;13,377222;52,526944;physician;Weimar Republic
;18298;Germany;13,377222;52,526944;pediatrician;West Germany
;18298;Germany;13,377222;52,526944;pediatrician;German Empire
;18298;Germany;13,377222;52,526944;university teacher;Weimar Republic
;168;Germany;11,558974650062;48,130169424109;physician;German Reich
;1925;Germany;13,510033;52,630944;politician;German Democratic Republic
;1925;Germany;13,510033;52,630944;physician;German Democratic Republic
;168;Germany;11,558974650062;48,130169424109;author;German Reich
;18298;Germany;13,377222;52,526944;pediatrician;United States of America
;1500;Israel;34,867504;32,088104;physician;Israel
;1500;Israel;34,867504;32,088104;economist;Israel
;2500;Germany;7,174444;51,273889;physician;Germany
;18298;Germany;13,377222;52,526944;pediatrician;Weimar Republic
;18298;Germany;13,377222;52,526944;radiologist;Germany
;11500;Canada;-73,600974;45,472891;electrical engineer;Canada
;48;United States of America;-95,3975;29,7078;physician;Peru
;11500;Canada;-73,600974;45,472891;emperor;Canada
;11500;Canada;-73,600974;45,472891;university teacher;Canada
;9900;Netherlands;5,8625;51,823056;neurologist;Kingdom of the Netherlands
;9900;Netherlands;5,8625;51,823056;caricaturist;Kingdom of the Netherlands
;8889;United States of America;-95,3965;29,7105;gynaecologist;Spain
;9900;Netherlands;5,8625;51,823056;computer scientist;Germany
;9900;Netherlands;5,8625;51,823056;writer;Germany
;9900;Netherlands;5,8625;51,823056;physicist;Germany
;9900;Netherlands;5,8625;51,823056;university teacher;Germany
;9900;Netherlands;5,8625;51,823056;university teacher;Romania
;9900;Netherlands;5,8625;51,823056;epidemiologist;Kingdom of the Netherlands
;9900;Netherlands;5,8625;51,823056;researcher;Germany
;9900;Netherlands;5,8625;51,823056;psychologist;Germany
;9900;Netherlands;5,8625;51,823056;researcher;Netherlands
;9900;Netherlands;5,8625;51,823056;researcher;France
;9900;Netherlands;5,8625;51,823056;researcher;United Kingdom
;8889;United States of America;-95,3965;29,7105;professor;New Zealand
;8889;United States of America;-95,3965;29,7105;physician;Spain
;9900;Netherlands;5,8625;51,823056;general practitioner;Kingdom of the Netherlands
;8889;United States of America;-95,3965;29,7105;university teacher;New Zealand
;8889;United States of America;-95,3965;29,7105;university teacher;Spain
;8889;United States of America;-95,3965;29,7105;university teacher;Italy
;8889;United States of America;-95,3965;29,7105;university teacher;Hungary
;8889;United States of America;-95,3965;29,7105;cell biologist;United States of America
;8889;United States of America;-95,3965;29,7105;researcher;Belgium
;8889;United States of America;-95,3965;29,7105;researcher;People's Republic of China
;8889;United States of America;-95,3965;29,7105;researcher;Turkey
;8889;United States of America;-95,3965;29,7105;researcher;Peru
;8889;United States of America;-95,3965;29,7105;psychologist;Hungary
;8889;United States of America;-95,3965;29,7105;biochemist;New Zealand
;8889;United States of America;-95,3965;29,7105;obstetrician;Spain
;8889;United States of America;-95,3965;29,7105;researcher;Poland
;8889;United States of America;-95,3965;29,7105;scientist;United States of America
;8889;United States of America;-95,3965;29,7105;biologist;New Zealand
;8889;United States of America;-95,3965;29,7105;biologist;Peru
;8889;United States of America;-95,3965;29,7105;physician;United States of America
;8889;United States of America;-95,3965;29,7105;writer;United States of America
;8889;United States of America;-95,3965;29,7105;biologist;India
;8889;United States of America;-95,3965;29,7105;psychoanalyst;Hungary
;8889;United States of America;-95,3965;29,7105;university teacher;United States of America
;9900;Netherlands;5,8625;51,823056;neuroscientist;Germany
;8889;United States of America;-95,3965;29,7105;researcher;United States of America
;8889;United States of America;-95,3965;29,7105;geneticist;Belgium
;8889;United States of America;-95,3965;29,7105;geneticist;Australia
;8889;United States of America;-95,3965;29,7105;psychiatrist;Germany
;8889;United States of America;-95,3965;29,7105;zoologist;United States of America
;8889;United States of America;-95,3965;29,7105;molecular biologist;United States of America
;8889;United States of America;-95,3965;29,7105;hematologist;New Zealand
;8889;United States of America;-95,3965;29,7105;pediatrician;United States of America
;8889;United States of America;-95,3965;29,7105;geneticist;United States of America
;8889;United States of America;-95,3965;29,7105;psychiatrist;United States of America
;8889;United States of America;-95,3965;29,7105;vaccinologist;United States of America
;2159;Germany;9,0449;54,11595;singer;Germany
;2159;Germany;9,0449;54,11595;businessperson;Germany
;8889;United States of America;-95,3965;29,7105;neuroscientist;United States of America
;2195;Germany;13,4597;52,4392;neurologist;Germany
;9900;Netherlands;5,8625;51,823056;physician;Kingdom of the Netherlands
;9900;Netherlands;5,8625;51,823056;economist;Kingdom of the Netherlands
;9900;Netherlands;5,8625;51,823056;university teacher;Kingdom of the Netherlands
;8889;United States of America;-95,3965;29,7105;cardiologist;Spain
;8889;United States of America;-95,3965;29,7105;neurologist;United States of America
;9900;Netherlands;5,8625;51,823056;researcher;Kingdom of the Netherlands
;8889;United States of America;-95,3965;29,7105;virologist;United States of America
;9900;Netherlands;5,8625;51,823056;immunologist;Kingdom of the Netherlands
;9900;Netherlands;5,8625;51,823056;gynaecologist;Netherlands
;2159;Germany;9,0449;54,11595;ophthalmologist;Germany
;5842;Czech Republic;14,420992;50,073501;gynaecologist;German Reich
;18298;Germany;13,377222;52,526944;Islamicist;German Democratic Republic
;18298;Germany;13,377222;52,526944;virologist;Germany
;18298;Germany;13,377222;52,526944;biotechnologist;Austria
;18298;Germany;13,377222;52,526944;medical historian;German Democratic Republic
;18298;Germany;13,377222;52,526944;orientalist;German Democratic Republic
;5842;Czech Republic;14,420992;50,073501;university teacher;German Reich
;18298;Germany;13,377222;52,526944;cabaret performer;Germany
;18298;Germany;13,377222;52,526944;ophthalmologist;Grand Duchy of Mecklenburg-Strelitz
;18298;Germany;13,377222;52,526944;writer;Germany
;18298;Germany;13,377222;52,526944;sexologist;Germany
;18298;Germany;13,377222;52,526944;physician;German Reich
;18298;Germany;13,377222;52,526944;sexologist;German Reich
;18298;Germany;13,377222;52,526944;screenwriter;Germany
;18298;Germany;13,377222;52,526944;author;Germany
;18298;Germany;13,377222;52,526944;physician writer;Germany
;18298;Germany;13,377222;52,526944;researcher;Austria
;18298;Germany;13,377222;52,526944;politician;United States of America
;18298;Germany;13,377222;52,526944;biologist;Germany
;18298;Germany;13,377222;52,526944;psychoanalyst;Germany
;18298;Germany;13,377222;52,526944;conductor;Germany
;18298;Germany;13,377222;52,526944;Islamicist;Germany
;18298;Germany;13,377222;52,526944;Islamicist;German Reich
;18298;Germany;13,377222;52,526944;psychoanalyst;United States of America
;18298;Germany;13,377222;52,526944;pharmacist;Germany
;18298;Germany;13,377222;52,526944;sexologist;German Democratic Republic
;18298;Germany;13,377222;52,526944;parasitologist;Germany
;18298;Germany;13,377222;52,526944;sinologist;Germany
;18298;Germany;13,377222;52,526944;orientalist;Germany
;18298;Germany;13,377222;52,526944;medical historian;German Reich
;18298;Germany;13,377222;52,526944;orientalist;German Reich
;18298;Germany;13,377222;52,526944;university teacher;Grand Duchy of Mecklenburg-Strelitz
;18298;Germany;13,377222;52,526944;surgeon;German Democratic Republic
;4306;Spain;2,10424444;41,34486111;athlete;Spain
;4306;Spain;2,10424444;41,34486111;activist;Spain
;12000;United States of America;-118,380676;34,075198;neonatologist;Argentina
;4306;Spain;2,10424444;41,34486111;psychiatrist;Spain
;14106;France;-0,604324;44,8276;cardiologist;France
;14106;France;-0,604324;44,8276;virologist;France
;12000;United States of America;-118,380676;34,075198;pediatrician;United States of America
;12000;United States of America;-118,380676;34,075198;geneticist;United States of America
;12000;United States of America;-118,380676;34,075198;psychiatrist;United States of America
;10805;United States of America;-95,4029;29,7033;biostatistician;People's Republic of China
;4306;Spain;2,10424444;41,34486111;chemical engineer;Spain
;4306;Spain;2,10424444;41,34486111;oncologist;Spain
;10805;United States of America;-95,4029;29,7033;bioinformatician;United States of America
;4306;Spain;2,10424444;41,34486111;traumatologist;Spain
;12000;United States of America;-118,380676;34,075198;oncologist;United States of America
;12000;United States of America;-118,380676;34,075198;internist;United States of America
;4306;Spain;2,10424444;41,34486111;neurologist;Spain
;12000;United States of America;-118,380676;34,075198;rheumatologist;United States of America
;14106;France;-0,604324;44,8276;gastroenterologist;France
;4306;Spain;2,10424444;41,34486111;environmental engineer;Spain
;4306;Spain;2,10424444;41,34486111;sportsperson;Spain
;10805;United States of America;-95,4029;29,7033;computer scientist;Greece
;10805;United States of America;-95,4029;29,7033;physician;Peru
;12000;United States of America;-118,380676;34,075198;expert;Austria
;10805;United States of America;-95,4029;29,7033;university teacher;Germany
;14106;France;-0,604324;44,8276;orthopedic surgeon;France
;10805;United States of America;-95,4029;29,7033;researcher;Peru
;10805;United States of America;-95,4029;29,7033;computer scientist;United States of America
;10805;United States of America;-95,4029;29,7033;writer;United States of America
;10805;United States of America;-95,4029;29,7033;engineer;Greece
;10805;United States of America;-95,4029;29,7033;biologist;Kazakhstan
;10805;United States of America;-95,4029;29,7033;university teacher;United States of America
;12000;United States of America;-118,380676;34,075198;expert;Soviet Union
;10805;United States of America;-95,4029;29,7033;biologist;United States of America
;10805;United States of America;-95,4029;29,7033;engineer;United States of America
;10805;United States of America;-95,4029;29,7033;biologist;Soviet Union
;14106;France;-0,604324;44,8276;physician;France
;14106;France;-0,604324;44,8276;writer;France
;10805;United States of America;-95,4029;29,7033;computational chemist;United States of America
;14106;France;-0,604324;44,8276;university teacher;France
;10805;United States of America;-95,4029;29,7033;geneticist;United States of America
;14106;France;-0,604324;44,8276;pharmacologist;France
;14106;France;-0,604324;44,8276;researcher;France
;10805;United States of America;-95,4029;29,7033;consultant;United States of America
;14106;France;-0,604324;44,8276;pediatrician;France
;12000;United States of America;-118,380676;34,075198;professor;Austria
;12000;United States of America;-118,380676;34,075198;physicist;Greece
;14106;France;-0,604324;44,8276;dermatologist;France
;10805;United States of America;-95,4029;29,7033;computational biologist;United States of America
;14106;France;-0,604324;44,8276;immunologist;France
;12000;United States of America;-118,380676;34,075198;university teacher;Austria
;12000;United States of America;-118,380676;34,075198;university teacher;Argentina
;4306;Spain;2,10424444;41,34486111;politician;Spain
;4306;Spain;2,10424444;41,34486111;physician;Spain
;4306;Spain;2,10424444;41,34486111;writer;Spain
;4306;Spain;2,10424444;41,34486111;field hockey player;Spain
;12000;United States of America;-118,380676;34,075198;psychologist;Argentina
;12000;United States of America;-118,380676;34,075198;scientist;United States of America
;12000;United States of America;-118,380676;34,075198;surgeon;Argentina
;12000;United States of America;-118,380676;34,075198;surgeon;Canada
;12000;United States of America;-118,380676;34,075198;physician;United States of America
;4306;Spain;2,10424444;41,34486111;university teacher;Spain
;12000;United States of America;-118,380676;34,075198;professor;Soviet Union
;12000;United States of America;-118,380676;34,075198;university teacher;United States of America
;4306;Spain;2,10424444;41,34486111;researcher;Spain
;12000;United States of America;-118,380676;34,075198;astronaut;United States of America
;12000;United States of America;-118,380676;34,075198;university teacher;Soviet Union
;10805;United States of America;-95,4029;29,7033;epidemiologist;United Kingdom
;10805;United States of America;-95,4029;29,7033;neurobiologist;Germany
;12000;United States of America;-118,380676;34,075198;researcher;United States of America
;14106;France;-0,604324;44,8276;radiologist;France
;12000;United States of America;-118,380676;34,075198;psychologist;United States of America
;12000;United States of America;-118,380676;34,075198;pediatrician;Argentina
;12000;United States of America;-118,380676;34,075198;psychoanalyst;United States of America
;5808;Czech Republic;14,34377384;50,07397461;neurologist;Czech Republic
;5808;Czech Republic;14,34377384;50,07397461;neurosurgeon;Czech Republic
;18298;Germany;13,377222;52,526944;cardiologist;Germany
;18298;Germany;13,377222;52,526944;dermatologist;Kingdom of Prussia
;18298;Germany;13,377222;52,526944;data manager;Switzerland
;18298;Germany;13,377222;52,526944;epidemiologist;Germany
;10805;United States of America;-95,4029;29,7033;biostatistician;United States of America
;5842;Czech Republic;14,420992;50,073501;researcher;Czech Republic
;18298;Germany;13,377222;52,526944;human geneticist;Germany
;5808;Czech Republic;14,34377384;50,07397461;diabetologist;Czech Republic
;2478;Croatia;15,9518706;45,8160205;physician;Croatia
;18298;Germany;13,377222;52,526944;Privatdozent;German Reich
;18298;Germany;13,377222;52,526944;endocrinologist;Austria
;18298;Germany;13,377222;52,526944;physicist;Germany
;18298;Germany;13,377222;52,526944;serial killer;Germany
;18298;Germany;13,377222;52,526944;university teacher;Argentina
;5808;Czech Republic;14,34377384;50,07397461;physician;Czech Republic
;18298;Germany;13,377222;52,526944;researcher;Germany
;18298;Germany;13,377222;52,526944;gynaecologist;Kingdom of Prussia
;18298;Germany;13,377222;52,526944;researcher;Switzerland
;18298;Germany;13,377222;52,526944;researcher;Spain
;18298;Germany;13,377222;52,526944;researcher;Poland
;18298;Germany;13,377222;52,526944;surgeon;France
;5808;Czech Republic;14,34377384;50,07397461;researcher;Czech Republic
;18298;Germany;13,377222;52,526944;molecular biologist;Germany
;5808;Czech Republic;14,34377384;50,07397461;researcher;Czechoslovakia
;18298;Germany;13,377222;52,526944;dermatologist;German Reich
;5808;Czech Republic;14,34377384;50,07397461;pediatrician;Czech Republic
;18298;Germany;13,377222;52,526944;immunologist;Germany
;18298;Germany;13,377222;52,526944;cancer researcher;Germany
;18298;Germany;13,377222;52,526944;Privatdozent;Kingdom of Prussia
;18298;Germany;13,377222;52,526944;medical researcher;Germany
;5808;Czech Republic;14,34377384;50,07397461;immunologist;Czech Republic
;18298;Germany;13,377222;52,526944;nurse;Germany
;18298;Germany;13,377222;52,526944;urologist;France
;18298;Germany;13,377222;52,526944;artificial intelligence researcher;Germany
;18298;Germany;13,377222;52,526944;researcher;German Democratic Republic
;18298;Germany;13,377222;52,526944;obstetrician;Kingdom of Prussia
;18298;Germany;13,377222;52,526944;infectious disease physician;Germany
;2478;Croatia;15,9518706;45,8160205;rheumatologist;Croatia
;5998;United States of America;-98,576;29,506;radiologist;United States of America
;10000;Germany;11,56055556;48,13194444;surgeon;Kingdom of Bavaria
;10000;Germany;11,56055556;48,13194444;internist;Germany
;8889;United States of America;-95,3965;29,7105;biostatistician;United States of America
;10000;Germany;11,56055556;48,13194444;internist;German Reich
;5998;United States of America;-98,576;29,506;dentist;United States of America
;10000;Germany;11,56055556;48,13194444;neurologist;Germany
;10000;Germany;11,56055556;48,13194444;cardiologist;Germany
;10000;Germany;11,56055556;48,13194444;ophthalmologist;German Reich
;1800;Germany;11,56055556;48,13194444;physician;German Reich
;8889;United States of America;-95,3965;29,7105;professor;France
;8889;United States of America;-95,3965;29,7105;neuroradiologist;United States of America
;8889;United States of America;-95,3965;29,7105;computer scientist;Slovenia
;8889;United States of America;-95,3965;29,7105;physiologist;Philippines
;8889;United States of America;-95,3965;29,7105;bioinformatician;Socialist Federal Republic of Yugoslavia
;1800;Germany;11,56055556;48,13194444;university teacher;Germany
;1800;Germany;11,56055556;48,13194444;university teacher;German Reich
;8889;United States of America;-95,3965;29,7105;university teacher;Philippines
;8889;United States of America;-95,3965;29,7105;university teacher;South Africa
;8889;United States of America;-95,3965;29,7105;university teacher;Slovenia
;10000;Germany;11,56055556;48,13194444;temporary career soldier;Germany
;8889;United States of America;-95,3965;29,7105;researcher;Portugal
;8889;United States of America;-95,3965;29,7105;researcher;France
;8889;United States of America;-95,3965;29,7105;academic;Canada
;8889;United States of America;-95,3965;29,7105;biochemist;Germany
;8889;United States of America;-95,3965;29,7105;researcher;Japan
;1800;Germany;11,56055556;48,13194444;surgeon;German Reich
;8889;United States of America;-95,3965;29,7105;researcher;Ukraine
;8889;United States of America;-95,3965;29,7105;biochemist;Philippines
;8889;United States of America;-95,3965;29,7105;professor;United States of America
;8889;United States of America;-95,3965;29,7105;biologist;Portugal
;8889;United States of America;-95,3965;29,7105;endocrinologist;United States of America
;8889;United States of America;-95,3965;29,7105;physiologist;United States of America
;8889;United States of America;-95,3965;29,7105;biologist;Hungary
;8889;United States of America;-95,3965;29,7105;biologist;France
;8889;United States of America;-95,3965;29,7105;physicist;United States of America
;8889;United States of America;-95,3965;29,7105;engineer;Slovenia
;8889;United States of America;-95,3965;29,7105;chemical biologist;Japan
;8889;United States of America;-95,3965;29,7105;pharmacologist;United States of America
;8889;United States of America;-95,3965;29,7105;psychologist;United States of America
;8889;United States of America;-95,3965;29,7105;biochemist;United States of America
;1800;Germany;11,56055556;48,13194444;pediatrician;Germany
;8889;United States of America;-95,3965;29,7105;biologist;United States of America
;10000;Germany;11,56055556;48,13194444;ophthalmologist;Kingdom of Bavaria
;8889;United States of America;-95,3965;29,7105;geneticist;Canada
;8889;United States of America;-95,3965;29,7105;psychoanalyst;United States of America
;8889;United States of America;-95,3965;29,7105;geologist;United States of America
;8889;United States of America;-95,3965;29,7105;biophysicist;Poland
;1800;Germany;11,56055556;48,13194444;physician;Kingdom of Bavaria
;8889;United States of America;-95,3965;29,7105;medical researcher;Canada
;8889;United States of America;-95,3965;29,7105;medical researcher;South Africa
;5998;United States of America;-98,576;29,506;diabetologist;United States of America
;8889;United States of America;-95,3965;29,7105;philanthropist;United States of America
;8889;United States of America;-95,3965;29,7105;artificial intelligence researcher;Slovenia
;8889;United States of America;-95,3965;29,7105;veterinarian;United States of America
;1800;Germany;11,56055556;48,13194444;surgeon;Kingdom of Bavaria
;1800;Germany;11,56055556;48,13194444;internist;Germany
;8889;United States of America;-95,3965;29,7105;medical researcher;United States of America
;1800;Germany;11,56055556;48,13194444;internist;German Reich
;8889;United States of America;-95,3965;29,7105;computer scientist;Socialist Federal Republic of Yugoslavia
;1800;Germany;11,56055556;48,13194444;neurologist;Germany
;8889;United States of America;-95,3965;29,7105;oncologist;United States of America
;8889;United States of America;-95,3965;29,7105;university teacher;Socialist Federal Republic of Yugoslavia
;5998;United States of America;-98,576;29,506;researcher;South Korea
;5998;United States of America;-98,576;29,506;researcher;Poland
;8889;United States of America;-95,3965;29,7105;engineer;Socialist Federal Republic of Yugoslavia
;8889;United States of America;-95,3965;29,7105;radiologist;United States of America
;1800;Germany;11,56055556;48,13194444;cardiologist;Germany
;5998;United States of America;-98,576;29,506;endocrinologist;United States of America
;5998;United States of America;-98,576;29,506;physician;United States of America
;5998;United States of America;-98,576;29,506;writer;United States of America
;8889;United States of America;-95,3965;29,7105;infectious disease physician;United States of America
;8889;United States of America;-95,3965;29,7105;cardiologist;Canada
;8889;United States of America;-95,3965;29,7105;oil worker;United States of America
;1800;Germany;11,56055556;48,13194444;ophthalmologist;German Reich
;10000;Germany;11,56055556;48,13194444;physician;German Reich
;5998;United States of America;-98,576;29,506;university teacher;United States of America
;5998;United States of America;-98,576;29,506;author;United States of America
;10000;Germany;11,56055556;48,13194444;university teacher;Germany
;10000;Germany;11,56055556;48,13194444;university teacher;German Reich
;5998;United States of America;-98,576;29,506;researcher;United States of America
;5998;United States of America;-98,576;29,506;teacher;United States of America
;10000;Germany;11,56055556;48,13194444;surgeon;German Reich
;1800;Germany;11,56055556;48,13194444;temporary career soldier;Germany
;8889;United States of America;-95,3965;29,7105;artificial intelligence researcher;Socialist Federal Republic of Yugoslavia
;5998;United States of America;-98,576;29,506;psychiatrist;United States of America
;5998;United States of America;-98,576;29,506;oncologist;People's Republic of China
;10000;Germany;11,56055556;48,13194444;pediatrician;Germany
;5998;United States of America;-98,576;29,506;dermatologist;United States of America
;5998;United States of America;-98,576;29,506;immunologist;United States of America
;5998;United States of America;-98,576;29,506;neuroscientist;United States of America
;5998;United States of America;-98,576;29,506;pathologist;United States of America
;8889;United States of America;-95,3965;29,7105;bioinformatician;Slovenia
;1800;Germany;11,56055556;48,13194444;ophthalmologist;Kingdom of Bavaria
;5998;United States of America;-98,576;29,506;mycologist;United States of America
;10000;Germany;11,56055556;48,13194444;physician;Kingdom of Bavaria
;5998;United States of America;-98,576;29,506;non-fiction writer;United States of America
;10444;Germany;9,976667;53,591389;Germanist;Germany
;10444;Germany;9,976667;53,591389;neuropathologist;German Reich
;4119;Norway;10,4183;59,2725;mathematician;Norway
;4119;Norway;10,4183;59,2725;physician;Norway
;4119;Norway;10,4183;59,2725;film producer;Norway
;4119;Norway;10,4183;59,2725;researcher;Norway
;10444;Germany;9,976667;53,591389;politician;Germany
;10444;Germany;9,976667;53,591389;physician;Germany
;10444;Germany;9,976667;53,591389;physician;German Reich
;10444;Germany;9,976667;53,591389;physician;France
;4119;Norway;10,4183;59,2725;mathematician;Kingdom of Denmark
;4119;Norway;10,4183;59,2725;statistician;Norway
;10444;Germany;9,976667;53,591389;university teacher;Germany
;10444;Germany;9,976667;53,591389;expert witness;Germany
;4119;Norway;10,4183;59,2725;film producer;Kingdom of Denmark
;10444;Germany;9,976667;53,591389;academic;Germany
;10444;Germany;9,976667;53,591389;psychologist;Germany
;10444;Germany;9,976667;53,591389;researcher;France
;10444;Germany;9,976667;53,591389;biochemist;Germany
;10444;Germany;9,976667;53,591389;researcher;Poland
;10444;Germany;9,976667;53,591389;biologist;Germany
;10444;Germany;9,976667;53,591389;theatrical director;Germany
;10444;Germany;9,976667;53,591389;neuroscientist;Germany
;4119;Norway;10,4183;59,2725;statistician;Kingdom of Denmark
;10444;Germany;9,976667;53,591389;oncologist;Poland
;10444;Germany;9,976667;53,591389;non-fiction writer;Germany
;10444;Germany;9,976667;53,591389;neuropathologist;German Confederation
;10444;Germany;9,976667;53,591389;internist;Germany
;18298;Germany;13,377222;52,526944;oncologist;Germany
;10444;Germany;9,976667;53,591389;physician;German Confederation
;15000;Sweden;18,03222222;59,35222222;pediatrician;Sweden
;1700;Norway;10,70410611;59,93619306;professor;Norway
;1700;Norway;10,70410611;59,93619306;physician;Norway
;10444;Germany;9,976667;53,591389;orthopedic surgeon;Germany
;1700;Norway;10,70410611;59,93619306;university teacher;Norway
;1700;Norway;10,70410611;59,93619306;researcher;Norway
;1700;Norway;10,703822;59,936469;professor;Norway
;1700;Norway;10,703822;59,936469;physician;Norway
;10444;Germany;9,976667;53,591389;allergist;Germany
;10444;Germany;9,976667;53,591389;professor;Germany
;1700;Norway;10,703822;59,936469;university teacher;Norway
;1700;Norway;10,703822;59,936469;researcher;Norway
;10444;Germany;9,976667;53,591389;pharmacologist;Germany
;10444;Germany;9,976667;53,591389;researcher;Germany
;10444;Germany;9,976667;53,591389;surgeon;Germany
;10444;Germany;9,976667;53,591389;psychologist;United States of America
;10444;Germany;9,976667;53,591389;chemist;Germany
;10444;Germany;9,976667;53,591389;pharmacist;Germany
;10444;Germany;9,976667;53,591389;oncologist;Germany
;10444;Germany;9,976667;53,591389;psychotherapist;Germany
;10444;Germany;9,976667;53,591389;radiologist;Germany
;10444;Germany;9,976667;53,591389;infectious disease physician;Germany
;10444;Germany;9,976667;53,591389;neurologist;Germany
;10444;Germany;9,976667;53,591389;trauma surgeon;Germany
;10444;Germany;9,976667;53,591389;chief physician;Germany
;10444;Germany;9,976667;53,591389;medical examiner;Germany
;15000;Sweden;18,03222222;59,35222222;researcher;Sweden
;15000;Sweden;18,03222222;59,35222222;researcher;Poland
;15000;Sweden;18,03222222;59,35222222;psychologist;Sweden
;15000;Sweden;18,03222222;59,35222222;researcher;Norway
;15000;Sweden;18,03222222;59,35222222;biologist;Sweden
;15000;Sweden;18,03222222;59,35222222;physician;Soviet Union
;15000;Sweden;18,03222222;59,35222222;immunologist;Sweden
;15000;Sweden;18,03222222;59,35222222;microbiologist;Sweden
;15000;Sweden;18,03222222;59,35222222;hematologist;Sweden
;15000;Sweden;18,03222222;59,35222222;hematologist;Poland
;15000;Sweden;18,03222222;59,35222222;oncologist;Bulgaria
;1700;Norway;10,70410611;59,93619306;speed skater;Norway
;15000;Sweden;18,03222222;59,35222222;internist;Sweden
;15000;Sweden;18,03222222;59,35222222;neurologist;Finland
;1700;Norway;10,70410611;59,93619306;psychiatrist;Norway
;15000;Sweden;18,03222222;59,35222222;cardiologist;Sweden
;1700;Norway;10,703822;59,936469;speed skater;Norway
;15000;Sweden;18,03222222;59,35222222;biotechnologist;Portugal
;15000;Sweden;18,03222222;59,35222222;chief physician;Sweden
;1700;Norway;10,703822;59,936469;psychiatrist;Norway
;1700;Norway;10,70410611;59,93619306;physiotherapist;Norway
;1700;Norway;10,703822;59,936469;physiotherapist;Norway
;15000;Sweden;18,03222222;59,35222222;personal physician;Sweden
;10444;Germany;9,976667;53,591389;neurosurgeon;Germany
;15000;Sweden;18,03222222;59,35222222;professor;Finland
;15000;Sweden;18,03222222;59,35222222;professor;Bulgaria
;15000;Sweden;18,03222222;59,35222222;professor;Sweden
;15000;Sweden;18,03222222;59,35222222;physician;Estonia
;15000;Sweden;18,03222222;59,35222222;physician;Sweden
;15000;Sweden;18,03222222;59,35222222;physician;Russian Empire
;15000;Sweden;18,03222222;59,35222222;university teacher;Sweden
;15000;Sweden;18,03222222;59,35222222;scientist;Ethiopia
;15000;Sweden;18,03222222;59,35222222;researcher;Bulgaria
;5700;Norway;18,981671;69,682709;microbiologist;Norway
;5700;Norway;18,981671;69,682709;chief executive officer;Norway
;11032;Norway;10,387778;63,420833;scientist;Norway
;11032;Norway;10,387778;63,420833;professor;Norway
;11032;Norway;10,387778;63,420833;physician;Norway
;11032;Norway;10,387778;63,420833;researcher;Norway
;11032;Norway;10,387778;63,420833;psychiatrist;Norway
;11032;Norway;10,387778;63,420833;social scientist;Norway
;11032;Norway;10,387778;63,420833;immunologist;Norway
;11032;Norway;10,387778;63,420833;oncologist;Norway
;11032;Norway;10,387778;63,420833;crime fiction writer;Norway
;5700;Norway;18,981671;69,682709;anti-vaccine activist;Norway
;5700;Norway;18,981671;69,682709;professor of psychology;Norway
;11032;Norway;10,387778;63,420833;radiologist;Norway
;5700;Norway;18,981671;69,682709;scientist;Norway
;5700;Norway;18,981671;69,682709;professor;Norway
;5700;Norway;18,981671;69,682709;politician;Norway
;5700;Norway;18,981671;69,682709;physician;Norway
;5700;Norway;18,981671;69,682709;researcher;Sweden
;5700;Norway;18,981671;69,682709;researcher;Norway
;6400;Germany;9,9531;48,4214;geneticist;Germany
;9700;Germany;8,80583333;50,81472222;cardiac surgeon;Switzerland
;5500;Germany;6,78938;51,1971;cell biologist;Ukraine
;6400;Germany;9,9531;48,4214;hematologist;Germany
;10000;Denmark;10,3697;55,3848;psychiatrist;Kingdom of Denmark
;5500;Germany;6,78938;51,1971;physician;Germany
;6400;Germany;9,9531;48,4214;oncologist;Germany
;5500;Germany;6,78938;51,1971;cartoonist;Ukraine
;5500;Germany;6,78938;51,1971;university teacher;Germany
;5500;Germany;6,78938;51,1971;author;Germany
;13200;Germany;10,1431498;54,3300361;blogger;Germany
;5500;Germany;6,78938;51,1971;researcher;Germany
;5500;Germany;6,78938;51,1971;psychologist;Germany
;5500;Germany;6,78938;51,1971;researcher;Poland
;5500;Germany;6,78938;51,1971;biochemist;Poland
;10000;Denmark;10,3697;55,3848;medical specialist;Kingdom of Denmark
;5500;Germany;6,78938;51,1971;archaeologist;Germany
;7950;Germany;6,987717;51,435235;scientist;The Gambia
;7950;Germany;6,987717;51,435235;attending physician;Germany
;5500;Germany;6,78938;51,1971;psychiatrist;Germany
;13200;Germany;10,1431498;54,3300361;neurosurgeon;Germany
;13200;Germany;10,705985;53,837445;physician;Germany
;5500;Germany;6,78938;51,1971;non-fiction writer;Germany
;13200;Germany;10,705985;53,837445;university teacher;Germany
;9700;Germany;8,80583333;50,81472222;university teacher;Switzerland
;9700;Germany;8,80583333;50,81472222;author;Germany
;13200;Germany;10,705985;53,837445;researcher;Germany
;7950;Germany;6,987717;51,435235;non-fiction writer;Germany
;13200;Germany;10,1431498;54,3300361;anesthesiologist;Germany
;13200;Germany;10,705985;53,837445;biologist;Germany
;5500;Germany;6,78938;51,1971;radiologist;Germany
;10000;Denmark;10,3697;55,3848;research assistant;Kingdom of Denmark
;10000;Denmark;10,3697;55,3848;professor of practice;Kingdom of Denmark
;9700;Germany;8,6668;50,5754;cardiac surgeon;Switzerland
;9700;Germany;8,80583333;50,81472222;pediatrician;Germany
;5500;Germany;6,78938;51,1971;ophthalmologist;Germany
;13200;Germany;10,705985;53,837445;blogger;Germany
;5500;Germany;6,78938;51,1971;prehistorian;Germany
;7950;Germany;6,987717;51,435235;video blogger;Germany
;5500;Germany;6,78938;51,1971;runologist;Germany
;10000;Denmark;10,3697;55,3848;professor;Denmark
;10000;Denmark;10,3697;55,3848;endocrinologist;Egypt
;5500;Germany;6,78938;51,1971;paleoanthropologist;Germany
;4954;Latvia;24,244053;56,967449;researcher;Latvia
;10000;Denmark;10,3697;55,3848;researcher;Denmark
;5500;Germany;6,78938;51,1971;science journalist;Ukraine
;7950;Germany;6,987717;51,435235;YouTuber;Germany
;10000;Denmark;10,3697;55,3848;surgeon;Denmark
;10000;Denmark;10,3697;55,3848;educator;Denmark
;13200;Germany;10,705985;53,837445;neurosurgeon;Germany
;5500;Germany;6,78938;51,1971;fencing master;Germany
;5500;Germany;6,78938;51,1971;forensic scientist;Germany
;10000;Denmark;10,3697;55,3848;Professor with Special Responsibilities;Kingdom of Denmark
;6400;Germany;9,9531;48,4214;physician;Germany
;6400;Germany;9,9531;48,4214;university teacher;Germany
;13200;Germany;10,705985;53,837445;anesthesiologist;Germany
;6400;Germany;9,9531;48,4214;researcher;Germany
;10000;Denmark;10,3697;55,3848;physician;Kingdom of Denmark
;6400;Germany;9,9531;48,4214;researcher;Poland
;6400;Germany;9,9531;48,4214;surgeon;Germany
;13200;Germany;10,1431498;54,3300361;physician;Germany
;9700;Germany;8,6668;50,5754;university teacher;Switzerland
;9700;Germany;8,6668;50,5754;author;Germany
;10000;Denmark;10,3697;55,3848;nurse;Denmark
;13200;Germany;10,1431498;54,3300361;university teacher;Germany
;10000;Denmark;10,3697;55,3848;researcher;Kingdom of Denmark
;10000;Denmark;10,3697;55,3848;biochemist;Kingdom of Denmark
;13200;Germany;10,1431498;54,3300361;researcher;Germany
;6400;Germany;9,9531;48,4214;researcher;United States of America
;10000;Denmark;10,3697;55,3848;radiologist;Denmark
;13200;Germany;10,1431498;54,3300361;biologist;Germany
;6400;Germany;9,9531;48,4214;pediatrician;Germany
;9700;Germany;8,6668;50,5754;pediatrician;Germany
;4;Belgium;4,30775;50,88726;pediatrician;Belgium
;1909;South Korea;127,744721;37,87499;researcher;South Korea
;18298;Germany;13,377222;52,526944;pharmacist;German Democratic Republic
;5500;Germany;6,78938;51,1971;botanist;German Reich
;7950;Germany;6,987717;51,435235;physician;Germany
;7950;Germany;6,987717;51,435235;university teacher;Germany
;687;Germany;13,15762997;52,56241621;Privatdozent;Germany
;15000;Sweden;18,03222222;59,35222222;medical researcher;Sweden
;1909;South Korea;127,744721;37,87499;psychiatrist;South Korea
;18298;Germany;13,377222;52,526944;general practitioner;Germany
;15000;Sweden;18,03222222;59,35222222;internist;Poland
;15000;Sweden;18,03222222;59,35222222;neurologist;Sweden
;5500;Germany;6,78938;51,1971;pharmacist;German Reich
;15000;Sweden;18,03222222;59,35222222;unlicensed assistive personnel;Sweden
;18298;Germany;13,377222;52,526944;gastroenterologist;Germany
;687;Germany;13,15762997;52,56241621;pediatrician;Germany
;18298;Germany;13,377222;52,526944;anti-vaccine activist;Germany
;18298;Germany;13,377222;52,526944;assistant physician;Germany
;10805;United States of America;-95,4029;29,7033;political scientist;Canada
;10805;United States of America;-95,4029;29,7033;university teacher;Canada
;10805;United States of America;-95,4029;29,7033;pharmacologist;United States of America
;7950;Germany;6,987717;51,435235;neurosurgeon;Germany
;7950;Germany;6,987717;51,435235;virologist;Germany
;18298;Germany;13,377222;52,526944;Q88107046;Germany
;12000;Germany;6,91755;50,9251;computer scientist;Germany
;12000;Germany;6,91755;50,9251;professor;Germany
;12000;Germany;6,91755;50,9251;physician;Germany
;18298;Germany;13,377222;52,526944;Amtsarzt;Germany
;1000;Belarus;30,38564;53,86611;politician;Belarus
;18298;Germany;13,377222;52,526944;researcher;France
;1000;Belarus;30,38564;53,86611;physician;Belarus
;18298;Germany;13,377222;52,526944;researcher;South Korea
;12000;Germany;6,91755;50,9251;team leader;Algeria
;12000;Germany;6,91755;50,9251;university teacher;Germany
;12000;Germany;6,91755;50,9251;researcher;Germany
;12000;Germany;6,91755;50,9251;surgeon;Germany
;12000;Germany;6,91755;50,9251;biologist;Germany
;18298;Germany;13,377222;52,526944;molecular biologist;France
;18298;Germany;13,377222;52,526944;chemist;West Germany
;12000;Germany;6,91755;50,9251;nephrologist;Germany
;18298;Germany;13,377222;52,526944;dermatologist;West Germany
;1078;Greece;23,755229;37,980113;politician;Greece
;1078;Greece;23,755229;37,980113;physician;Greece
;10805;United States of America;-95,4029;29,7033;public health scientist;Canada
;1078;Greece;23,755229;37,980113;university teacher;Greece
;18298;Germany;13,377222;52,526944;urologist;Germany
;12000;Germany;6,91755;50,9251;blogger;Germany
;15000;Sweden;18,03222222;59,35222222;scientist;Sweden
;15000;Sweden;18,03222222;59,35222222;politician;Sweden
;18298;Germany;13,377222;52,526944;internist;Nazi Germany
;4;Belgium;4,30775;50,88726;researcher;Belgium
;1909;South Korea;127,744721;37,87499;physician;South Korea
;1546;Italy;12,413948;41,947782;physician;Italy
;1546;Italy;12,413948;41,947782;physician;Kingdom of Italy
;1546;Italy;12,413948;41,947782;jazz musician;Italy
;1546;Italy;12,413948;41,947782;jazz musician;Kingdom of Italy
;160;Germany;10,945512;50,837887;theologian;Germany
;160;Germany;10,945512;50,837887;theologian;German Reich
;1546;Italy;12,413948;41,947782;radiologist;Italy
;1546;Italy;12,413948;41,947782;radiologist;Kingdom of Italy
;160;Germany;10,945512;50,837887;theologian;German Democratic Republic
;160;Germany;10,945512;50,837887;pedagogue;Germany
;160;Germany;10,945512;50,837887;pedagogue;German Reich
;1571;Germany;9,9455;48,4252;physician;Germany
;160;Germany;10,945512;50,837887;pedagogue;German Democratic Republic
;1485;Germany;7,54297;50,3689;physician;Germany
