item,empleados,paisLabel,lon,lat,personaLabel,profesionLabel
http://www.wikidata.org/entity/Q1525831,48,United States of America,-95.3975,29.7078,,scientist
http://www.wikidata.org/entity/Q1525831,48,United States of America,-95.3975,29.7078,,computer scientist
http://www.wikidata.org/entity/Q1525831,48,United States of America,-95.3975,29.7078,,professor
http://www.wikidata.org/entity/Q1525831,48,United States of America,-95.3975,29.7078,,botanist
http://www.wikidata.org/entity/Q1525831,48,United States of America,-95.3975,29.7078,,physician
http://www.wikidata.org/entity/Q1525831,48,United States of America,-95.3975,29.7078,,writer
http://www.wikidata.org/entity/Q1525831,48,United States of America,-95.3975,29.7078,,physicist
http://www.wikidata.org/entity/Q1525831,48,United States of America,-95.3975,29.7078,,university teacher
http://www.wikidata.org/entity/Q1525831,48,United States of America,-95.3975,29.7078,,pharmacologist
http://www.wikidata.org/entity/Q1525831,48,United States of America,-95.3975,29.7078,,entrepreneur
http://www.wikidata.org/entity/Q1525831,48,United States of America,-95.3975,29.7078,,academic
http://www.wikidata.org/entity/Q1525831,48,United States of America,-95.3975,29.7078,,researcher
http://www.wikidata.org/entity/Q1525831,48,United States of America,-95.3975,29.7078,,cellist
http://www.wikidata.org/entity/Q1525831,48,United States of America,-95.3975,29.7078,,psychologist
http://www.wikidata.org/entity/Q1525831,48,United States of America,-95.3975,29.7078,,biochemist
http://www.wikidata.org/entity/Q1525831,48,United States of America,-95.3975,29.7078,,surgeon
http://www.wikidata.org/entity/Q1525831,48,United States of America,-95.3975,29.7078,,educator
http://www.wikidata.org/entity/Q1525831,48,United States of America,-95.3975,29.7078,,biologist
http://www.wikidata.org/entity/Q1525831,48,United States of America,-95.3975,29.7078,,engineer
http://www.wikidata.org/entity/Q1525831,48,United States of America,-95.3975,29.7078,,inventor
http://www.wikidata.org/entity/Q1525831,48,United States of America,-95.3975,29.7078,,molecular biologist
http://www.wikidata.org/entity/Q1525831,48,United States of America,-95.3975,29.7078,,editor
http://www.wikidata.org/entity/Q1525831,48,United States of America,-95.3975,29.7078,,dermatologist
http://www.wikidata.org/entity/Q1525831,48,United States of America,-95.3975,29.7078,,immunologist
http://www.wikidata.org/entity/Q1525831,48,United States of America,-95.3975,29.7078,,veterinarian
http://www.wikidata.org/entity/Q1525831,48,United States of America,-95.3975,29.7078,,neuroscientist
http://www.wikidata.org/entity/Q1525831,48,United States of America,-95.3975,29.7078,,academic administrator
http://www.wikidata.org/entity/Q1525831,48,United States of America,-95.3975,29.7078,,medical researcher
http://www.wikidata.org/entity/Q1525831,48,United States of America,-95.3975,29.7078,,plastic surgeon
http://www.wikidata.org/entity/Q1525831,48,United States of America,-95.3975,29.7078,,statistician
http://www.wikidata.org/entity/Q1525831,48,United States of America,-95.3975,29.7078,,oncologist
http://www.wikidata.org/entity/Q1525831,48,United States of America,-95.3975,29.7078,,cardiologist
http://www.wikidata.org/entity/Q1525831,48,United States of America,-95.3975,29.7078,,epidemiologist
http://www.wikidata.org/entity/Q1525831,48,United States of America,-95.3975,29.7078,,neurobiologist
http://www.wikidata.org/entity/Q1525831,48,United States of America,-95.3975,29.7078,,radiologist
http://www.wikidata.org/entity/Q1525831,48,United States of America,-95.3975,29.7078,,lobbyist
http://www.wikidata.org/entity/Q1525831,48,United States of America,-95.3975,29.7078,,internist
http://www.wikidata.org/entity/Q1689257,7219,Switzerland,7.5830555555556,47.562777777778,,intensivist
http://www.wikidata.org/entity/Q1689257,7219,Switzerland,7.5830555555556,47.562777777778,,hunter
http://www.wikidata.org/entity/Q1689257,7219,Switzerland,7.5830555555556,47.562777777778,,epileptologist
http://www.wikidata.org/entity/Q1689257,7219,Switzerland,7.5830555555556,47.562777777778,,physiologist
http://www.wikidata.org/entity/Q1689257,7219,Switzerland,7.5830555555556,47.562777777778,,university teacher
http://www.wikidata.org/entity/Q1689257,7219,Switzerland,7.5830555555556,47.562777777778,,researcher
http://www.wikidata.org/entity/Q1689257,7219,Switzerland,7.5830555555556,47.562777777778,,biochemist
http://www.wikidata.org/entity/Q1689257,7219,Switzerland,7.5830555555556,47.562777777778,,surgeon
http://www.wikidata.org/entity/Q1689257,7219,Switzerland,7.5830555555556,47.562777777778,,psychiatrist
http://www.wikidata.org/entity/Q1689257,7219,Switzerland,7.5830555555556,47.562777777778,,statistician
http://www.wikidata.org/entity/Q1689257,7219,Switzerland,7.5830555555556,47.562777777778,,biomedical scientist
http://www.wikidata.org/entity/Q1525831,48,United States of America,-95.3975,29.7078,,physician writer
http://www.wikidata.org/entity/Q1525831,48,United States of America,-95.3975,29.7078,,neurologist
http://www.wikidata.org/entity/Q1525831,48,United States of America,-95.3975,29.7078,,cell biologist
http://www.wikidata.org/entity/Q1525831,48,United States of America,-95.3975,29.7078,,mathematician
http://www.wikidata.org/entity/Q1525831,48,United States of America,-95.3975,29.7078,,biostatistician
http://www.wikidata.org/entity/Q1689257,7219,Switzerland,7.5830555555556,47.562777777778,,physician
http://www.wikidata.org/entity/Q1689257,7219,Switzerland,7.5830555555556,47.562777777778,,author
http://www.wikidata.org/entity/Q1689257,7219,Switzerland,7.5830555555556,47.562777777778,,immunologist
http://www.wikidata.org/entity/Q1689257,7219,Switzerland,7.5830555555556,47.562777777778,,neurosurgeon
http://www.wikidata.org/entity/Q921264,2301,United States of America,-94.7771,29.3107,,scientist
http://www.wikidata.org/entity/Q921264,2301,United States of America,-94.7771,29.3107,,physician
http://www.wikidata.org/entity/Q921264,2301,United States of America,-94.7771,29.3107,,university teacher
http://www.wikidata.org/entity/Q921264,2301,United States of America,-94.7771,29.3107,,researcher
http://www.wikidata.org/entity/Q921264,2301,United States of America,-94.7771,29.3107,,biochemist
http://www.wikidata.org/entity/Q921264,2301,United States of America,-94.7771,29.3107,,surgeon
http://www.wikidata.org/entity/Q921264,2301,United States of America,-94.7771,29.3107,,biologist
http://www.wikidata.org/entity/Q921264,2301,United States of America,-94.7771,29.3107,,chemist
http://www.wikidata.org/entity/Q921264,2301,United States of America,-94.7771,29.3107,,medical researcher
http://www.wikidata.org/entity/Q921264,2301,United States of America,-94.7771,29.3107,,plastic surgeon
http://www.wikidata.org/entity/Q921264,2301,United States of America,-94.7771,29.3107,,virologist
http://www.wikidata.org/entity/Q921264,2301,United States of America,-94.7771,29.3107,,epidemiologist
http://www.wikidata.org/entity/Q921264,2301,United States of America,-94.7771,29.3107,,biostatistician
http://www.wikidata.org/entity/Q921264,2301,United States of America,-94.7771,29.3107,,cell biologist
http://www.wikidata.org/entity/Q913148,3,Italy,11.259894444444,43.773408333333,,physician
http://www.wikidata.org/entity/Q913148,3,Italy,11.259894444444,43.773408333333,,writer
http://www.wikidata.org/entity/Q913148,3,Italy,11.259894444444,43.773408333333,,art historian
http://www.wikidata.org/entity/Q913148,3,Italy,11.259894444444,43.773408333333,,university teacher
http://www.wikidata.org/entity/Q913148,3,Italy,11.259894444444,43.773408333333,,researcher
http://www.wikidata.org/entity/Q913148,3,Italy,11.259894444444,43.773408333333,,teacher
http://www.wikidata.org/entity/Q913148,3,Italy,11.259894444444,43.773408333333,,biologist
http://www.wikidata.org/entity/Q913148,3,Italy,11.259894444444,43.773408333333,,psychoanalyst
http://www.wikidata.org/entity/Q913148,3,Italy,11.259894444444,43.773408333333,,chemist
http://www.wikidata.org/entity/Q913148,3,Italy,11.259894444444,43.773408333333,,psychiatrist
http://www.wikidata.org/entity/Q913148,3,Italy,11.259894444444,43.773408333333,,oncologist
http://www.wikidata.org/entity/Q913148,3,Italy,11.259894444444,43.773408333333,,bioinformatician
http://www.wikidata.org/entity/Q1525831,48,United States of America,-95.3975,29.7078,,historian
http://www.wikidata.org/entity/Q1525831,48,United States of America,-95.3975,29.7078,,author
http://www.wikidata.org/entity/Q1525831,48,United States of America,-95.3975,29.7078,,consultant
http://www.wikidata.org/entity/Q1525831,48,United States of America,-95.3975,29.7078,,applied mathematician
http://www.wikidata.org/entity/Q1525831,48,United States of America,-95.3975,29.7078,,medical journalist
http://www.wikidata.org/entity/Q1525831,48,United States of America,-95.3975,29.7078,,media personality
http://www.wikidata.org/entity/Q1525831,48,United States of America,-95.3975,29.7078,,radiation oncologist
http://www.wikidata.org/entity/Q921264,2301,United States of America,-94.7771,29.3107,,pharmacologist
http://www.wikidata.org/entity/Q921264,2301,United States of America,-94.7771,29.3107,,neurosurgeon
http://www.wikidata.org/entity/Q180080,8893,Austria,16.3475,48.22,,politician
http://www.wikidata.org/entity/Q180080,8893,Austria,16.3475,48.22,,physician
http://www.wikidata.org/entity/Q180080,8893,Austria,16.3475,48.22,,writer
http://www.wikidata.org/entity/Q180080,8893,Austria,16.3475,48.22,,philosopher
http://www.wikidata.org/entity/Q180080,8893,Austria,16.3475,48.22,,university teacher
http://www.wikidata.org/entity/Q180080,8893,Austria,16.3475,48.22,,academic
http://www.wikidata.org/entity/Q180080,8893,Austria,16.3475,48.22,,researcher
http://www.wikidata.org/entity/Q180080,8893,Austria,16.3475,48.22,,psychoanalyst
http://www.wikidata.org/entity/Q180080,8893,Austria,16.3475,48.22,,psychiatrist
http://www.wikidata.org/entity/Q180080,8893,Austria,16.3475,48.22,,pathologist
http://www.wikidata.org/entity/Q180080,8893,Austria,16.3475,48.22,,nurse
http://www.wikidata.org/entity/Q180080,8893,Austria,16.3475,48.22,,non-fiction writer
http://www.wikidata.org/entity/Q180080,8893,Austria,16.3475,48.22,,medical specialist
http://www.wikidata.org/entity/Q180080,8893,Austria,16.3475,48.22,,health economist
http://www.wikidata.org/entity/Q180080,8893,Austria,16.3475,48.22,,gynaecologist
http://www.wikidata.org/entity/Q386372,3000,Norway,9.5930555555556,59.191111111111,,physician
http://www.wikidata.org/entity/Q386372,3000,Norway,9.5930555555556,59.191111111111,,handball player
http://www.wikidata.org/entity/Q386372,3000,Norway,9.5930555555556,59.191111111111,,researcher
http://www.wikidata.org/entity/Q386372,3000,Norway,9.5930555555556,59.191111111111,,public health physician
http://www.wikidata.org/entity/Q602748,11500,Canada,-73.600974,45.472891,,professor
http://www.wikidata.org/entity/Q602748,11500,Canada,-73.600974,45.472891,,physicist
http://www.wikidata.org/entity/Q602748,11500,Canada,-73.600974,45.472891,,university teacher
http://www.wikidata.org/entity/Q602748,11500,Canada,-73.600974,45.472891,,researcher
http://www.wikidata.org/entity/Q602748,11500,Canada,-73.600974,45.472891,,jurist
http://www.wikidata.org/entity/Q602748,11500,Canada,-73.600974,45.472891,,geneticist
http://www.wikidata.org/entity/Q602748,11500,Canada,-73.600974,45.472891,,microbiologist
http://www.wikidata.org/entity/Q602748,11500,Canada,-73.600974,45.472891,,cardiologist
http://www.wikidata.org/entity/Q180080,8893,Austria,16.3475,48.22,,sex educator
http://www.wikidata.org/entity/Q602748,11500,Canada,-73.600974,45.472891,,assistant professor
http://www.wikidata.org/entity/Q319026,500,Germany,13.3706,52.5556,,physician
http://www.wikidata.org/entity/Q319026,500,Germany,13.3706,52.5556,,ophthalmologist
http://www.wikidata.org/entity/Q319026,500,Germany,13.3706,52.5556,,genealogist
http://www.wikidata.org/entity/Q319026,500,Germany,13.3706,52.5556,,amateur photographer
http://www.wikidata.org/entity/Q180080,8893,Austria,16.3475,48.22,,histologist
http://www.wikidata.org/entity/Q190655,1056,Namibia,17.07095,-22.55417778,,ophthalmologist
http://www.wikidata.org/entity/Q577131,1713,Switzerland,8.5706,47.3527,,physician
http://www.wikidata.org/entity/Q577131,1713,Switzerland,8.5706,47.3527,,essayist
http://www.wikidata.org/entity/Q577131,1713,Switzerland,8.5706,47.3527,,researcher
http://www.wikidata.org/entity/Q577131,1713,Switzerland,8.5706,47.3527,,psychoanalyst
http://www.wikidata.org/entity/Q577131,1713,Switzerland,8.5706,47.3527,,psychiatrist
http://www.wikidata.org/entity/Q577131,1713,Switzerland,8.5706,47.3527,,psychotherapist
http://www.wikidata.org/entity/Q913148,3,Italy,11.259894444444,43.773408333333,,biochemist
http://www.wikidata.org/entity/Q913148,3,Italy,11.259894444444,43.773408333333,,librarian
http://www.wikidata.org/entity/Q1525831,48,United States of America,-95.3975,29.7078,,pathologist
http://www.wikidata.org/entity/Q913148,3,Italy,11.259894444444,43.773408333333,,gynaecologist
http://www.wikidata.org/entity/Q921264,2301,United States of America,-94.7771,29.3107,,philosopher
http://www.wikidata.org/entity/Q921264,2301,United States of America,-94.7771,29.3107,,microbiologist
http://www.wikidata.org/entity/Q1774595,1577,Germany,11.6247,48.1556,,researcher
http://www.wikidata.org/entity/Q1774595,1577,Germany,11.6247,48.1556,,neurosurgeon
http://www.wikidata.org/entity/Q921264,2301,United States of America,-94.7771,29.3107,,bioethicist
http://www.wikidata.org/entity/Q1774605,1700,Germany,11.503370194055,48.165447738684,,researcher
http://www.wikidata.org/entity/Q1774594,2600,Germany,8.544722,52.014167,,researcher
http://www.wikidata.org/entity/Q1774603,1785,Germany,10.972064,50.247613,,researcher
http://www.wikidata.org/entity/Q1774611,1700,Germany,9.32659,48.7371,,physician
http://www.wikidata.org/entity/Q1774611,1700,Germany,9.32659,48.7371,,researcher
http://www.wikidata.org/entity/Q1774600,2000,Germany,8.6367,53.53799,,researcher
http://www.wikidata.org/entity/Q1774611,1700,Germany,9.32659,48.7371,,philanthropist
http://www.wikidata.org/entity/Q1774610,2300,Germany,13.0647,52.4006,,researcher
http://www.wikidata.org/entity/Q1774612,2000,Germany,8.545,50.1084,,researcher
http://www.wikidata.org/entity/Q1774612,2000,Germany,8.545,50.1084,,psychiatrist
http://www.wikidata.org/entity/Q1774612,2000,Germany,8.545,50.1084,,medical specialist
http://www.wikidata.org/entity/Q1774612,2000,Germany,8.545,50.1084,,psychotherapist
http://www.wikidata.org/entity/Q1728147,2259,Switzerland,8.2781888888889,47.454630555556,,researcher
http://www.wikidata.org/entity/Q1774605,2346,Germany,11.503370194055,48.165447738684,,researcher
http://www.wikidata.org/entity/Q1774624,1500,Germany,7.56455556,50.35597222,,researcher
http://www.wikidata.org/entity/Q1774615,2600,Germany,9.706475,50.546722,,researcher
http://www.wikidata.org/entity/Q921264,2301,United States of America,-94.7771,29.3107,,applied mathematician
http://www.wikidata.org/entity/Q921264,2301,United States of America,-94.7771,29.3107,,aviation medical examiner
http://www.wikidata.org/entity/Q180080,8893,Austria,16.3475,48.22,,dermatologist
http://www.wikidata.org/entity/Q180080,8893,Austria,16.3475,48.22,,pediatrician
http://www.wikidata.org/entity/Q1525831,48,United States of America,-95.3975,29.7078,,computational biologist
http://www.wikidata.org/entity/Q580652,269,United Kingdom,-0.150417,51.520917,,researcher
http://www.wikidata.org/entity/Q580652,287,United Kingdom,-0.150417,51.520917,,researcher
http://www.wikidata.org/entity/Q580652,314,United Kingdom,-0.150417,51.520917,,researcher
http://www.wikidata.org/entity/Q580652,318,United Kingdom,-0.150417,51.520917,,researcher
http://www.wikidata.org/entity/Q580652,290,United Kingdom,-0.150417,51.520917,,researcher
http://www.wikidata.org/entity/Q1689257,7219,Switzerland,7.5830555555556,47.562777777778,,gynaecologist
http://www.wikidata.org/entity/Q1718941,821,Germany,9.71454,52.3926,,researcher
http://www.wikidata.org/entity/Q1689257,7219,Switzerland,7.5830555555556,47.562777777778,,oncologist
http://www.wikidata.org/entity/Q1774605,1700,Germany,11.503370194055,48.165447738684,,physician
http://www.wikidata.org/entity/Q1774594,2600,Germany,8.544722,52.014167,,author
http://www.wikidata.org/entity/Q1774594,2600,Germany,8.544722,52.014167,,ophthalmologist
http://www.wikidata.org/entity/Q1774594,2600,Germany,8.544722,52.014167,,orthopedic surgeon
http://www.wikidata.org/entity/Q1774615,2600,Germany,9.706475,50.546722,,emergency physician
http://www.wikidata.org/entity/Q1774610,2300,Germany,13.0647,52.4006,,physician
http://www.wikidata.org/entity/Q1774615,2600,Germany,9.706475,50.546722,,attending physician
http://www.wikidata.org/entity/Q5902940,3.259,Argentina,-58.863955,-34.455871,,researcher
http://www.wikidata.org/entity/Q1774605,2346,Germany,11.503370194055,48.165447738684,,physician
http://www.wikidata.org/entity/Q1774594,2600,Germany,8.544722,52.014167,,trauma surgeon
http://www.wikidata.org/entity/Q1774615,2600,Germany,9.706475,50.546722,,internist
http://www.wikidata.org/entity/Q2594321,9900,Netherlands,5.8625,51.823056,,scientist
http://www.wikidata.org/entity/Q2594321,9900,Netherlands,5.8625,51.823056,,university teacher
http://www.wikidata.org/entity/Q2594321,9900,Netherlands,5.8625,51.823056,,researcher
http://www.wikidata.org/entity/Q2594321,9900,Netherlands,5.8625,51.823056,,chemist
http://www.wikidata.org/entity/Q2594321,9900,Netherlands,5.8625,51.823056,,virologist
http://www.wikidata.org/entity/Q2594321,9900,Netherlands,5.8625,51.823056,,sports scientist
http://www.wikidata.org/entity/Q2594321,9900,Netherlands,5.8625,51.823056,,biomechanical engineer
http://www.wikidata.org/entity/Q2594321,9900,Netherlands,5.8625,51.823056,,biologist
http://www.wikidata.org/entity/Q2594321,9900,Netherlands,5.8625,51.823056,,physiotherapist
http://www.wikidata.org/entity/Q1381343,4100,Germany,8.526635,52.012703,,researcher
http://www.wikidata.org/entity/Q1381349,1000,Germany,13.5086,52.5268,,researcher
http://www.wikidata.org/entity/Q1438161,520,Germany,10.1967,53.82,,botanist
http://www.wikidata.org/entity/Q1438161,520,Germany,10.1967,53.82,,physician
http://www.wikidata.org/entity/Q1438161,520,Germany,10.1967,53.82,,researcher
http://www.wikidata.org/entity/Q1438161,520,Germany,10.1967,53.82,,biochemist
http://www.wikidata.org/entity/Q1438161,520,Germany,10.1967,53.82,,biologist
http://www.wikidata.org/entity/Q1438161,520,Germany,10.1967,53.82,,microbiologist
http://www.wikidata.org/entity/Q1525831,48,United States of America,-95.3975,29.7078,,chemist
http://www.wikidata.org/entity/Q1525831,48,United States of America,-95.3975,29.7078,,anesthesiologist
http://www.wikidata.org/entity/Q1689257,7219,Switzerland,7.5830555555556,47.562777777778,,radiologist
http://www.wikidata.org/entity/Q1525831,48,United States of America,-95.3975,29.7078,,cancer researcher
http://www.wikidata.org/entity/Q1205694,1300,Germany,13.3469,52.5422,,researcher
http://www.wikidata.org/entity/Q2892284,8889,United States of America,-95.3965,29.7105,,computer scientist
http://www.wikidata.org/entity/Q2892284,8889,United States of America,-95.3965,29.7105,,university teacher
http://www.wikidata.org/entity/Q2892284,8889,United States of America,-95.3965,29.7105,,researcher
http://www.wikidata.org/entity/Q2892284,8889,United States of America,-95.3965,29.7105,,engineer
http://www.wikidata.org/entity/Q2892284,8889,United States of America,-95.3965,29.7105,,molecular biologist
http://www.wikidata.org/entity/Q2892284,8889,United States of America,-95.3965,29.7105,,veterinarian
http://www.wikidata.org/entity/Q2892284,8889,United States of America,-95.3965,29.7105,,medical researcher
http://www.wikidata.org/entity/Q2892284,8889,United States of America,-95.3965,29.7105,,artificial intelligence researcher
http://www.wikidata.org/entity/Q2892284,8889,United States of America,-95.3965,29.7105,,bioinformatician
http://www.wikidata.org/entity/Q1325112,2000,Germany,9.44302,53.5955,,researcher
http://www.wikidata.org/entity/Q1435273,2000,Germany,8.03077,50.8788,,researcher
http://www.wikidata.org/entity/Q1325112,2000,Germany,9.44334,53.595713,,researcher
http://www.wikidata.org/entity/Q1525831,48,United States of America,-95.3975,29.7078,,hematologist
http://www.wikidata.org/entity/Q1381358,570,Germany,7.34388889,51.44583333,,researcher
http://www.wikidata.org/entity/Q1381343,4100,Germany,8.526635,52.012703,,pediatrician
http://www.wikidata.org/entity/Q1381349,1000,Germany,13.5086,52.5268,,politician
http://www.wikidata.org/entity/Q1381349,1000,Germany,13.5086,52.5268,,urologist
http://www.wikidata.org/entity/Q1381343,4100,Germany,8.526635,52.012703,,pediatric surgeon
http://www.wikidata.org/entity/Q1357610,1300,Germany,10.39555556,53.24027778,,researcher
http://www.wikidata.org/entity/Q1457719,2115,Germany,9.99295,54.0651,,researcher
http://www.wikidata.org/entity/Q2594321,9900,Netherlands,5.8625,51.823056,,physician
http://www.wikidata.org/entity/Q2594321,9900,Netherlands,5.8625,51.823056,,biochemist
http://www.wikidata.org/entity/Q2594321,9900,Netherlands,5.8625,51.823056,,neurologist
http://www.wikidata.org/entity/Q2594321,9900,Netherlands,5.8625,51.823056,,epidemiologist
http://www.wikidata.org/entity/Q2594321,9900,Netherlands,5.8625,51.823056,,stomatologist
http://www.wikidata.org/entity/Q602748,11500,Canada,-73.600974,45.472891,,electrical engineer
http://www.wikidata.org/entity/Q602748,11500,Canada,-73.600974,45.472891,,emperor
http://www.wikidata.org/entity/Q602748,11500,Canada,-73.600974,45.472891,,psychiatrist
http://www.wikidata.org/entity/Q602748,11500,Canada,-73.600974,45.472891,,lyricist
http://www.wikidata.org/entity/Q1525831,48,United States of America,-95.3975,29.7078,,tennis player
http://www.wikidata.org/entity/Q1525831,48,United States of America,-95.3975,29.7078,,teacher
http://www.wikidata.org/entity/Q828948,1837,Germany,11.2172,47.6719,,researcher
http://www.wikidata.org/entity/Q1036616,2300,Germany,14.3229,51.7429,,researcher
http://www.wikidata.org/entity/Q1115846,3,Italy,10.918222222222,43.935055555556,,researcher
http://www.wikidata.org/entity/Q1115846,4,Italy,10.918222222222,43.935055555556,,researcher
http://www.wikidata.org/entity/Q1115846,5,Italy,10.918222222222,43.935055555556,,researcher
http://www.wikidata.org/entity/Q1054216,10000,Canada,-73.557896,45.512177,,scientist
http://www.wikidata.org/entity/Q1054216,10000,Canada,-73.557896,45.512177,,physician
http://www.wikidata.org/entity/Q1054216,10000,Canada,-73.557896,45.512177,,adjunct professor
http://www.wikidata.org/entity/Q1054216,10000,Canada,-73.557896,45.512177,,university teacher
http://www.wikidata.org/entity/Q1054216,10000,Canada,-73.557896,45.512177,,researcher
http://www.wikidata.org/entity/Q1054216,10000,Canada,-73.557896,45.512177,,teacher
http://www.wikidata.org/entity/Q1054216,10000,Canada,-73.557896,45.512177,,pharmacist
http://www.wikidata.org/entity/Q1054216,10000,Canada,-73.557896,45.512177,,nurse
http://www.wikidata.org/entity/Q1054216,10000,Canada,-73.557896,45.512177,,lecturer
http://www.wikidata.org/entity/Q1054216,10000,Canada,-73.557896,45.512177,,pediatrician
http://www.wikidata.org/entity/Q1054216,10000,Canada,-73.557896,45.512177,,occupational therapist
http://www.wikidata.org/entity/Q1054216,10000,Canada,-73.557896,45.512177,,professor of practice
http://www.wikidata.org/entity/Q1208335,387,Germany,12.3203,51.3431,,university teacher
http://www.wikidata.org/entity/Q1208335,387,Germany,12.3203,51.3431,,surgeon
http://www.wikidata.org/entity/Q1036327,1500,Germany,6.95988,49.24825,,researcher
http://www.wikidata.org/entity/Q1000307,1400,Germany,9.16432,48.7814,,researcher
http://www.wikidata.org/entity/Q1054216,10000,Canada,-73.557896,45.512177,,neuroendocrinologist
http://www.wikidata.org/entity/Q2892284,8889,United States of America,-95.3965,29.7105,,scientist
http://www.wikidata.org/entity/Q2892284,8889,United States of America,-95.3965,29.7105,,physician
http://www.wikidata.org/entity/Q2892284,8889,United States of America,-95.3965,29.7105,,author
http://www.wikidata.org/entity/Q2892284,8889,United States of America,-95.3965,29.7105,,pediatric geneticist
http://www.wikidata.org/entity/Q1036616,2300,Germany,14.3229,51.7429,,writer
http://www.wikidata.org/entity/Q1036616,2300,Germany,14.3229,51.7429,,oral and maxillofacial surgeon
http://www.wikidata.org/entity/Q1036616,2300,Germany,14.3229,51.7429,,stomatologist
http://www.wikidata.org/entity/Q1036616,2300,Germany,14.3229,51.7429,,dental surgeon
http://www.wikidata.org/entity/Q1054216,10000,Canada,-73.557896,45.512177,,microbiologist
http://www.wikidata.org/entity/Q1054216,10000,Canada,-73.557896,45.512177,,infectious disease physician
http://www.wikidata.org/entity/Q1205694,1300,Germany,13.3469,52.5422,,physiologist
http://www.wikidata.org/entity/Q1205694,1300,Germany,13.3469,52.5422,,university teacher
http://www.wikidata.org/entity/Q991759,2700,Germany,6.631795,49.754563,,researcher
http://www.wikidata.org/entity/Q991759,2618,Germany,6.631795,49.754563,,researcher
http://www.wikidata.org/entity/Q1254126,168,Germany,11.558974650062,48.130169424109,,physician
http://www.wikidata.org/entity/Q1254126,168,Germany,11.558974650062,48.130169424109,,author
http://www.wikidata.org/entity/Q1254126,168,Germany,11.558974650062,48.130169424109,,researcher
http://www.wikidata.org/entity/Q1254126,168,Germany,11.558974650062,48.130169424109,,pediatrician
http://www.wikidata.org/entity/Q4005868,5998,United States of America,-98.576,29.506,,researcher
http://www.wikidata.org/entity/Q4005868,5998,United States of America,-98.576,29.506,,oncologist
http://www.wikidata.org/entity/Q4005868,5998,United States of America,-98.576,29.506,,radiologist
http://www.wikidata.org/entity/Q16353601,2053,Latvia,24.0881,56.9216,,researcher
http://www.wikidata.org/entity/Q30279944,1500,Israel,34.867504,32.088104,,physician
http://www.wikidata.org/entity/Q30279944,1500,Israel,34.867504,32.088104,,economist
http://www.wikidata.org/entity/Q30279944,1500,Israel,34.867504,32.088104,,researcher
http://www.wikidata.org/entity/Q30279944,1500,Israel,34.867504,32.088104,,pediatrician
http://www.wikidata.org/entity/Q30279944,1500,Israel,34.867504,32.088104,,pulmonologist
http://www.wikidata.org/entity/Q1254126,285,Germany,11.558974650062,48.130169424109,,physician
http://www.wikidata.org/entity/Q1254126,285,Germany,11.558974650062,48.130169424109,,author
http://www.wikidata.org/entity/Q1254126,285,Germany,11.558974650062,48.130169424109,,researcher
http://www.wikidata.org/entity/Q1254126,285,Germany,11.558974650062,48.130169424109,,pediatrician
http://www.wikidata.org/entity/Q2594321,9900,Netherlands,5.8625,51.823056,,computer scientist
http://www.wikidata.org/entity/Q2594321,9900,Netherlands,5.8625,51.823056,,botanist
http://www.wikidata.org/entity/Q2594321,9900,Netherlands,5.8625,51.823056,,writer
http://www.wikidata.org/entity/Q2594321,9900,Netherlands,5.8625,51.823056,,physicist
http://www.wikidata.org/entity/Q2594321,9900,Netherlands,5.8625,51.823056,,psychologist
http://www.wikidata.org/entity/Q2594321,9900,Netherlands,5.8625,51.823056,,microbiologist
http://www.wikidata.org/entity/Q2594321,9900,Netherlands,5.8625,51.823056,,neuroscientist
http://www.wikidata.org/entity/Q2496399,4900,Germany,12.0904,48.9878,,researcher
http://www.wikidata.org/entity/Q2496399,4900,Germany,12.0904,48.9878,,biologist
http://www.wikidata.org/entity/Q2541690,1000,Germany,11.019687,49.610309,,researcher
http://www.wikidata.org/entity/Q2565415,2159,Germany,9.0449,54.11595,,researcher
http://www.wikidata.org/entity/Q2528989,2195,Germany,13.4597,52.4392,,physician
http://www.wikidata.org/entity/Q2528989,2195,Germany,13.4597,52.4392,,researcher
http://www.wikidata.org/entity/Q2528989,2195,Germany,13.4597,52.4392,,neurologist
http://www.wikidata.org/entity/Q2528989,2195,Germany,13.4597,52.4392,,gastroenterologist
http://www.wikidata.org/entity/Q2528989,2195,Germany,13.4597,52.4392,,internist
http://www.wikidata.org/entity/Q2541690,1000,Germany,11.019851,49.610655,,researcher
http://www.wikidata.org/entity/Q2892284,8889,United States of America,-95.3965,29.7105,,endocrinologist
http://www.wikidata.org/entity/Q2892284,8889,United States of America,-95.3965,29.7105,,physicist
http://www.wikidata.org/entity/Q2892284,8889,United States of America,-95.3965,29.7105,,pharmacologist
http://www.wikidata.org/entity/Q2892284,8889,United States of America,-95.3965,29.7105,,teacher
http://www.wikidata.org/entity/Q2892284,8889,United States of America,-95.3965,29.7105,,geologist
http://www.wikidata.org/entity/Q2892284,8889,United States of America,-95.3965,29.7105,,geneticist
http://www.wikidata.org/entity/Q2892284,8889,United States of America,-95.3965,29.7105,,psychiatrist
http://www.wikidata.org/entity/Q2892284,8889,United States of America,-95.3965,29.7105,,biophysicist
http://www.wikidata.org/entity/Q2892284,8889,United States of America,-95.3965,29.7105,,neuroscientist
http://www.wikidata.org/entity/Q2892284,8889,United States of America,-95.3965,29.7105,,editor-in-chief
http://www.wikidata.org/entity/Q2892284,8889,United States of America,-95.3965,29.7105,,diabetologist
http://www.wikidata.org/entity/Q2892284,8889,United States of America,-95.3965,29.7105,,oil worker
http://www.wikidata.org/entity/Q1525831,48,United States of America,-95.3975,29.7078,,clinical psychologist
http://www.wikidata.org/entity/Q1525831,48,United States of America,-95.3975,29.7078,,doctoral student
http://www.wikidata.org/entity/Q1525831,48,United States of America,-95.3975,29.7078,,gynaecologist
http://www.wikidata.org/entity/Q1669544,2400,Germany,11.7422,48.1161,,researcher
http://www.wikidata.org/entity/Q1602561,2500,Germany,7.174444,51.273889,,physician
http://www.wikidata.org/entity/Q1602561,2500,Germany,7.174444,51.273889,,researcher
http://www.wikidata.org/entity/Q1602561,2500,Germany,7.174444,51.273889,,medical specialist
http://www.wikidata.org/entity/Q1668885,1700,Germany,12.05091,50.8684,,researcher
http://www.wikidata.org/entity/Q1668885,1700,Germany,12.05091,50.8684,,neurosurgeon
http://www.wikidata.org/entity/Q1620018,700,Austria,16.28238,48.16341,,intensive care medicine
http://www.wikidata.org/entity/Q1532717,399,Austria,16.2629,48.1945,,researcher
http://www.wikidata.org/entity/Q1602176,1700,Germany,10.05388889,53.57722222,,researcher
http://www.wikidata.org/entity/Q1620018,700,Austria,16.28238,48.16341,,researcher
http://www.wikidata.org/entity/Q1620018,700,Austria,16.28238,48.16341,,anesthesiologist
http://www.wikidata.org/entity/Q1602557,1925,Germany,13.510033,52.630944,,researcher
http://www.wikidata.org/entity/Q2892284,8889,United States of America,-95.3965,29.7105,,radiologist
http://www.wikidata.org/entity/Q4005868,5998,United States of America,-98.576,29.506,,university teacher
http://www.wikidata.org/entity/Q4005868,5998,United States of America,-98.576,29.506,,psychiatrist
http://www.wikidata.org/entity/Q4005868,5998,United States of America,-98.576,29.506,,medical researcher
http://www.wikidata.org/entity/Q4005868,5998,United States of America,-98.576,29.506,,non-fiction writer
http://www.wikidata.org/entity/Q4005868,5998,United States of America,-98.576,29.506,,biostatistician
http://www.wikidata.org/entity/Q921264,2301,United States of America,-94.7771,29.3107,,academic administrator
http://www.wikidata.org/entity/Q921264,2301,United States of America,-94.7771,29.3107,,women's studies scholar
http://www.wikidata.org/entity/Q1501014,1200,Germany,7.3997333333333,51.411305555556,,researcher
http://www.wikidata.org/entity/Q1525831,48,United States of America,-95.3975,29.7078,,medicinal chemist
http://www.wikidata.org/entity/Q1525831,48,United States of America,-95.3975,29.7078,,pulmonologist
http://www.wikidata.org/entity/Q1525831,48,United States of America,-95.3975,29.7078,,informaticist
http://www.wikidata.org/entity/Q1525831,48,United States of America,-95.3975,29.7078,,geneticist
http://www.wikidata.org/entity/Q2496399,4900,Germany,12.0904,48.9878,,surgeon
http://www.wikidata.org/entity/Q2565415,2159,Germany,9.0449,54.11595,,singer
http://www.wikidata.org/entity/Q2565415,2159,Germany,9.0449,54.11595,,businessperson
http://www.wikidata.org/entity/Q2565415,2159,Germany,9.0449,54.11595,,ophthalmologist
http://www.wikidata.org/entity/Q2892284,8889,United States of America,-95.3965,29.7105,,philanthropist
http://www.wikidata.org/entity/Q2892284,8889,United States of America,-95.3965,29.7105,,oncologist
http://www.wikidata.org/entity/Q2892284,8889,United States of America,-95.3965,29.7105,,neuroradiologist
http://www.wikidata.org/entity/Q2892284,8889,United States of America,-95.3965,29.7105,,biochemist
http://www.wikidata.org/entity/Q2892284,8889,United States of America,-95.3965,29.7105,,biomedical engineer
http://www.wikidata.org/entity/Q2892284,8889,United States of America,-95.3965,29.7105,,biostatistician
http://www.wikidata.org/entity/Q2892284,8889,United States of America,-95.3965,29.7105,,nephrologist
http://www.wikidata.org/entity/Q2892284,8889,United States of America,-95.3965,29.7105,,psychologist
http://www.wikidata.org/entity/Q2892284,8889,United States of America,-95.3965,29.7105,,virologist
http://www.wikidata.org/entity/Q2892284,8889,United States of America,-95.3965,29.7105,,thoracic surgeon
http://www.wikidata.org/entity/Q2892284,8889,United States of America,-95.3965,29.7105,,epidemiologist
http://www.wikidata.org/entity/Q2892284,8889,United States of America,-95.3965,29.7105,,pediatrician
http://www.wikidata.org/entity/Q2892284,8889,United States of America,-95.3965,29.7105,,neonatologist
http://www.wikidata.org/entity/Q2892284,8889,United States of America,-95.3965,29.7105,,obstetrician
http://www.wikidata.org/entity/Q2892284,8889,United States of America,-95.3965,29.7105,,systems biologist
http://www.wikidata.org/entity/Q2892284,8889,United States of America,-95.3965,29.7105,,gynaecologist
http://www.wikidata.org/entity/Q4005868,5998,United States of America,-98.576,29.506,,scientist
http://www.wikidata.org/entity/Q4005868,5998,United States of America,-98.576,29.506,,professor
http://www.wikidata.org/entity/Q4005868,5998,United States of America,-98.576,29.506,,physician
http://www.wikidata.org/entity/Q4005868,5998,United States of America,-98.576,29.506,,teacher
http://www.wikidata.org/entity/Q4005868,5998,United States of America,-98.576,29.506,,biologist
http://www.wikidata.org/entity/Q4005868,5998,United States of America,-98.576,29.506,,dermatologist
http://www.wikidata.org/entity/Q4005868,5998,United States of America,-98.576,29.506,,immunologist
http://www.wikidata.org/entity/Q4005868,5998,United States of America,-98.576,29.506,,neuroscientist
http://www.wikidata.org/entity/Q4005868,5998,United States of America,-98.576,29.506,,pathologist
http://www.wikidata.org/entity/Q4005868,5998,United States of America,-98.576,29.506,,mycologist
http://www.wikidata.org/entity/Q4005868,5998,United States of America,-98.576,29.506,,neurologist
http://www.wikidata.org/entity/Q4005868,5998,United States of America,-98.576,29.506,,nutritionist
http://www.wikidata.org/entity/Q2892284,8889,United States of America,-95.3965,29.7105,,directeur de recherche
http://www.wikidata.org/entity/Q1525831,48,United States of America,-95.3975,29.7078,,biotechnologist
http://www.wikidata.org/entity/Q2034327,3341,Latvia,24.065,56.93166667,,cardiac surgeon
http://www.wikidata.org/entity/Q2315962,570,Germany,6.263994,50.818101,,physician
http://www.wikidata.org/entity/Q2315962,570,Germany,6.263994,50.818101,,surgeon
http://www.wikidata.org/entity/Q2315962,570,Germany,6.263994,50.818101,,cardiologist
http://www.wikidata.org/entity/Q2323561,1800,Germany,8.37982,48.99996,,researcher
http://www.wikidata.org/entity/Q2315962,570,Germany,6.263994,50.818101,,internist
http://www.wikidata.org/entity/Q2320771,550,Germany,6.9622,50.9474,,physician
http://www.wikidata.org/entity/Q2320771,550,Germany,6.9622,50.9474,,researcher
http://www.wikidata.org/entity/Q2320771,550,Germany,6.9622,50.9474,,surgeon
http://www.wikidata.org/entity/Q2320771,550,Germany,6.9622,50.9474,,entomologist
http://www.wikidata.org/entity/Q1774635,2500,Germany,8.879495,51.941461,,researcher
http://www.wikidata.org/entity/Q2316295,791,Germany,8.83489,53.0834,,physician
http://www.wikidata.org/entity/Q2316295,791,Germany,8.83489,53.0834,,university teacher
http://www.wikidata.org/entity/Q2316295,791,Germany,8.83489,53.0834,,internist
http://www.wikidata.org/entity/Q1802031,1749,Austria,14.2961,48.2803,,physician
http://www.wikidata.org/entity/Q1802031,1749,Austria,14.2961,48.2803,,manager
http://www.wikidata.org/entity/Q1802031,1749,Austria,14.2961,48.2803,,psychiatrist
http://www.wikidata.org/entity/Q2496399,4900,Germany,12.0904,48.9878,,cardiologist
http://www.wikidata.org/entity/Q2349323,3346,Germany,7.59377778,50.34855556,,researcher
http://www.wikidata.org/entity/Q2315962,570,Germany,6.26442,50.81845,,physician
http://www.wikidata.org/entity/Q2315962,570,Germany,6.26442,50.81845,,surgeon
http://www.wikidata.org/entity/Q1786526,3300,Germany,12.064107,49.017218,,researcher
http://www.wikidata.org/entity/Q2315962,570,Germany,6.26442,50.81845,,cardiologist
http://www.wikidata.org/entity/Q2349323,3808,Germany,7.59377778,50.34855556,,researcher
http://www.wikidata.org/entity/Q2315962,570,Germany,6.26442,50.81845,,internist
http://www.wikidata.org/entity/Q2034327,3341,Latvia,24.065,56.93166667,,scientist
http://www.wikidata.org/entity/Q2034327,3341,Latvia,24.065,56.93166667,,physician
http://www.wikidata.org/entity/Q2034327,3341,Latvia,24.065,56.93166667,,university teacher
http://www.wikidata.org/entity/Q2034327,3341,Latvia,24.065,56.93166667,,researcher
http://www.wikidata.org/entity/Q2034327,3341,Latvia,24.065,56.93166667,,lecturer
http://www.wikidata.org/entity/Q2034327,3341,Latvia,24.065,56.93166667,,infectious disease physician
http://www.wikidata.org/entity/Q2317163,365,Austria,16.3444,48.2158,,researcher
http://www.wikidata.org/entity/Q1774639,1200,Germany,10.1693,47.9831,,researcher
http://www.wikidata.org/entity/Q2594321,9900,Netherlands,5.8625,51.823056,,immunologist
http://www.wikidata.org/entity/Q2594321,9900,Netherlands,5.8625,51.823056,,caricaturist
http://www.wikidata.org/entity/Q2594321,9900,Netherlands,5.8625,51.823056,,general practitioner
http://www.wikidata.org/entity/Q2892284,8889,United States of America,-95.3965,29.7105,,botanist
http://www.wikidata.org/entity/Q2892284,8889,United States of America,-95.3965,29.7105,,physiologist
http://www.wikidata.org/entity/Q2892284,8889,United States of America,-95.3965,29.7105,,academic
http://www.wikidata.org/entity/Q2892284,8889,United States of America,-95.3965,29.7105,,educator
http://www.wikidata.org/entity/Q2892284,8889,United States of America,-95.3965,29.7105,,psychoanalyst
http://www.wikidata.org/entity/Q2892284,8889,United States of America,-95.3965,29.7105,,archivist
http://www.wikidata.org/entity/Q2892284,8889,United States of America,-95.3965,29.7105,,microbiologist
http://www.wikidata.org/entity/Q2892284,8889,United States of America,-95.3965,29.7105,,infectious disease physician
http://www.wikidata.org/entity/Q7896431,10805,United States of America,-95.4029,29.7033,,physician
http://www.wikidata.org/entity/Q7896431,10805,United States of America,-95.4029,29.7033,,researcher
http://www.wikidata.org/entity/Q7896431,10805,United States of America,-95.4029,29.7033,,neurobiologist
http://www.wikidata.org/entity/Q2892284,8889,United States of America,-95.3965,29.7105,,chemical biologist
http://www.wikidata.org/entity/Q921264,2301,United States of America,-94.7771,29.3107,,physicist
http://www.wikidata.org/entity/Q921264,2301,United States of America,-94.7771,29.3107,,space scientist
http://www.wikidata.org/entity/Q921264,2301,United States of America,-94.7771,29.3107,,gynaecologist
http://www.wikidata.org/entity/Q2892284,8889,United States of America,-95.3965,29.7105,,professor
http://www.wikidata.org/entity/Q2892284,8889,United States of America,-95.3965,29.7105,,writer
http://www.wikidata.org/entity/Q2892284,8889,United States of America,-95.3965,29.7105,,biologist
http://www.wikidata.org/entity/Q2892284,8889,United States of America,-95.3965,29.7105,,zoologist
http://www.wikidata.org/entity/Q2892284,8889,United States of America,-95.3965,29.7105,,entomologist
http://www.wikidata.org/entity/Q2892284,8889,United States of America,-95.3965,29.7105,,hematologist
http://www.wikidata.org/entity/Q2892284,8889,United States of America,-95.3965,29.7105,,neurologist
http://www.wikidata.org/entity/Q2892284,8889,United States of America,-95.3965,29.7105,,naturalist
http://www.wikidata.org/entity/Q2892284,8889,United States of America,-95.3965,29.7105,,cardiologist
http://www.wikidata.org/entity/Q2892284,8889,United States of America,-95.3965,29.7105,,cell biologist
http://www.wikidata.org/entity/Q2594321,9900,Netherlands,5.8625,51.823056,,medical researcher
http://www.wikidata.org/entity/Q2892284,8889,United States of America,-95.3965,29.7105,,vaccinologist
http://www.wikidata.org/entity/Q2594321,9900,Netherlands,5.8625,51.823056,,radiologist
http://www.wikidata.org/entity/Q7896431,10805,United States of America,-95.4029,29.7033,,computer scientist
http://www.wikidata.org/entity/Q7896431,10805,United States of America,-95.4029,29.7033,,professor
http://www.wikidata.org/entity/Q7896431,10805,United States of America,-95.4029,29.7033,,writer
http://www.wikidata.org/entity/Q7896431,10805,United States of America,-95.4029,29.7033,,university teacher
http://www.wikidata.org/entity/Q7896431,10805,United States of America,-95.4029,29.7033,,academic
http://www.wikidata.org/entity/Q7896431,10805,United States of America,-95.4029,29.7033,,biologist
http://www.wikidata.org/entity/Q7896431,10805,United States of America,-95.4029,29.7033,,engineer
http://www.wikidata.org/entity/Q7896431,10805,United States of America,-95.4029,29.7033,,geneticist
http://www.wikidata.org/entity/Q7896431,10805,United States of America,-95.4029,29.7033,,consultant
http://www.wikidata.org/entity/Q7896431,10805,United States of America,-95.4029,29.7033,,pedagogue
http://www.wikidata.org/entity/Q7896431,10805,United States of America,-95.4029,29.7033,,epidemiologist
http://www.wikidata.org/entity/Q7896431,10805,United States of America,-95.4029,29.7033,,bioinformatician
http://www.wikidata.org/entity/Q7896431,10805,United States of America,-95.4029,29.7033,,biostatistician
http://www.wikidata.org/entity/Q7896431,10805,United States of America,-95.4029,29.7033,,computational biologist
http://www.wikidata.org/entity/Q7896431,10805,United States of America,-95.4029,29.7033,,stomatologist
http://www.wikidata.org/entity/Q7896431,10805,United States of America,-95.4029,29.7033,,doctoral student
http://www.wikidata.org/entity/Q7896431,10805,United States of America,-95.4029,29.7033,,computational chemist
http://www.wikidata.org/entity/Q162684,18298,Germany,13.377222,52.526944,,physician
http://www.wikidata.org/entity/Q162684,18298,Germany,13.377222,52.526944,,physicist
http://www.wikidata.org/entity/Q162684,18298,Germany,13.377222,52.526944,,university teacher
http://www.wikidata.org/entity/Q162684,18298,Germany,13.377222,52.526944,,researcher
http://www.wikidata.org/entity/Q162684,18298,Germany,13.377222,52.526944,,biochemist
http://www.wikidata.org/entity/Q162684,18298,Germany,13.377222,52.526944,,chemist
http://www.wikidata.org/entity/Q162684,18298,Germany,13.377222,52.526944,,immunologist
http://www.wikidata.org/entity/Q162684,18298,Germany,13.377222,52.526944,,biophysicist
http://www.wikidata.org/entity/Q162684,18298,Germany,13.377222,52.526944,,ethicist
http://www.wikidata.org/entity/Q162684,18298,Germany,13.377222,52.526944,,scientist
http://www.wikidata.org/entity/Q162684,18298,Germany,13.377222,52.526944,,physiologist
http://www.wikidata.org/entity/Q162684,18298,Germany,13.377222,52.526944,,judge
http://www.wikidata.org/entity/Q162684,18298,Germany,13.377222,52.526944,,philosopher
http://www.wikidata.org/entity/Q162684,18298,Germany,13.377222,52.526944,,pharmacologist
http://www.wikidata.org/entity/Q162684,18298,Germany,13.377222,52.526944,,psychologist
http://www.wikidata.org/entity/Q162684,18298,Germany,13.377222,52.526944,,surgeon
http://www.wikidata.org/entity/Q162684,18298,Germany,13.377222,52.526944,,biologist
http://www.wikidata.org/entity/Q162684,18298,Germany,13.377222,52.526944,,inventor
http://www.wikidata.org/entity/Q162684,18298,Germany,13.377222,52.526944,,psychiatrist
http://www.wikidata.org/entity/Q162684,18298,Germany,13.377222,52.526944,,musicologist
http://www.wikidata.org/entity/Q162684,18298,Germany,13.377222,52.526944,,neuroscientist
http://www.wikidata.org/entity/Q162684,18298,Germany,13.377222,52.526944,,pathologist
http://www.wikidata.org/entity/Q162684,18298,Germany,13.377222,52.526944,,medical historian
http://www.wikidata.org/entity/Q162684,18298,Germany,13.377222,52.526944,,neurologist
http://www.wikidata.org/entity/Q162684,18298,Germany,13.377222,52.526944,,naturalist
http://www.wikidata.org/entity/Q162684,18298,Germany,13.377222,52.526944,,ophthalmologist
http://www.wikidata.org/entity/Q162684,18298,Germany,13.377222,52.526944,,neuropathologist
http://www.wikidata.org/entity/Q162684,18298,Germany,13.377222,52.526944,,military physician
http://www.wikidata.org/entity/Q162684,18298,Germany,13.377222,52.526944,,internist
http://www.wikidata.org/entity/Q162684,18298,Germany,13.377222,52.526944,,anatomist
http://www.wikidata.org/entity/Q162684,18298,Germany,13.377222,52.526944,,music theorist
http://www.wikidata.org/entity/Q162684,18298,Germany,13.377222,52.526944,,gynaecologist
http://www.wikidata.org/entity/Q162684,18298,Germany,13.377222,52.526944,,chief physician
http://www.wikidata.org/entity/Q2892284,8889,United States of America,-95.3965,29.7105,,neurosurgeon
http://www.wikidata.org/entity/Q2892284,8889,United States of America,-95.3965,29.7105,,pediatric neurosurgeon
http://www.wikidata.org/entity/Q2594321,9900,Netherlands,5.8625,51.823056,,economist
http://www.wikidata.org/entity/Q2594321,9900,Netherlands,5.8625,51.823056,,anesthesiologist
http://www.wikidata.org/entity/Q2594321,9900,Netherlands,5.8625,51.823056,,gynaecologist
http://www.wikidata.org/entity/Q162684,18298,Germany,13.377222,52.526944,,professor
http://www.wikidata.org/entity/Q162684,18298,Germany,13.377222,52.526944,,endocrinologist
http://www.wikidata.org/entity/Q162684,18298,Germany,13.377222,52.526944,,molecular biologist
http://www.wikidata.org/entity/Q162684,18298,Germany,13.377222,52.526944,,dermatologist
http://www.wikidata.org/entity/Q162684,18298,Germany,13.377222,52.526944,,cancer researcher
http://www.wikidata.org/entity/Q162684,18298,Germany,13.377222,52.526944,,artificial intelligence researcher
http://www.wikidata.org/entity/Q162684,18298,Germany,13.377222,52.526944,,data manager
http://www.wikidata.org/entity/Q162684,18298,Germany,13.377222,52.526944,,epidemiologist
http://www.wikidata.org/entity/Q162684,18298,Germany,13.377222,52.526944,,pediatrician
http://www.wikidata.org/entity/Q162684,18298,Germany,13.377222,52.526944,,Q1498417
http://www.wikidata.org/entity/Q162684,18298,Germany,13.377222,52.526944,,politician
http://www.wikidata.org/entity/Q162684,18298,Germany,13.377222,52.526944,,writer
http://www.wikidata.org/entity/Q162684,18298,Germany,13.377222,52.526944,,academic
http://www.wikidata.org/entity/Q162684,18298,Germany,13.377222,52.526944,,archaeologist
http://www.wikidata.org/entity/Q162684,18298,Germany,13.377222,52.526944,,pianist
http://www.wikidata.org/entity/Q162684,18298,Germany,13.377222,52.526944,,anthropologist
http://www.wikidata.org/entity/Q162684,18298,Germany,13.377222,52.526944,,military personnel
http://www.wikidata.org/entity/Q162684,18298,Germany,13.377222,52.526944,,microbiologist
http://www.wikidata.org/entity/Q162684,18298,Germany,13.377222,52.526944,,non-fiction writer
http://www.wikidata.org/entity/Q162684,18298,Germany,13.377222,52.526944,,prehistorian
http://www.wikidata.org/entity/Q162684,18298,Germany,13.377222,52.526944,,paleoanthropologist
http://www.wikidata.org/entity/Q162684,18298,Germany,13.377222,52.526944,,paleontologist
http://www.wikidata.org/entity/Q162684,18298,Germany,13.377222,52.526944,,bacteriologist
http://www.wikidata.org/entity/Q7896431,10805,United States of America,-95.4029,29.7033,,physiologist
http://www.wikidata.org/entity/Q7896431,10805,United States of America,-95.4029,29.7033,,author
http://www.wikidata.org/entity/Q7896431,10805,United States of America,-95.4029,29.7033,,neurologist
http://www.wikidata.org/entity/Q7896431,10805,United States of America,-95.4029,29.7033,,cardiologist
http://www.wikidata.org/entity/Q7896431,10805,United States of America,-95.4029,29.7033,,pediatrician
http://www.wikidata.org/entity/Q162684,18298,Germany,13.377222,52.526944,,sexologist
http://www.wikidata.org/entity/Q162684,18298,Germany,13.377222,52.526944,,screenwriter
http://www.wikidata.org/entity/Q162684,18298,Germany,13.377222,52.526944,,author
http://www.wikidata.org/entity/Q162684,18298,Germany,13.377222,52.526944,,ethnographer
http://www.wikidata.org/entity/Q162684,18298,Germany,13.377222,52.526944,,explorer
http://www.wikidata.org/entity/Q162684,18298,Germany,13.377222,52.526944,,psychoanalyst
http://www.wikidata.org/entity/Q162684,18298,Germany,13.377222,52.526944,,Islamicist
http://www.wikidata.org/entity/Q162684,18298,Germany,13.377222,52.526944,,pharmacist
http://www.wikidata.org/entity/Q162684,18298,Germany,13.377222,52.526944,,sinologist
http://www.wikidata.org/entity/Q162684,18298,Germany,13.377222,52.526944,,orientalist
http://www.wikidata.org/entity/Q162684,18298,Germany,13.377222,52.526944,,psychotherapist
http://www.wikidata.org/entity/Q162684,18298,Germany,13.377222,52.526944,,neurosurgeon
http://www.wikidata.org/entity/Q162684,18298,Germany,13.377222,52.526944,,venereologist
http://www.wikidata.org/entity/Q162684,18298,Germany,13.377222,52.526944,,virologist
http://www.wikidata.org/entity/Q162684,18298,Germany,13.377222,52.526944,,radiologist
http://www.wikidata.org/entity/Q162684,18298,Germany,13.377222,52.526944,,biotechnologist
http://www.wikidata.org/entity/Q162684,18298,Germany,13.377222,52.526944,,allergist
http://www.wikidata.org/entity/Q162684,18298,Germany,13.377222,52.526944,,zoological collector
http://www.wikidata.org/entity/Q7341140,2249,Germany,9.18722,48.8144,,researcher
http://www.wikidata.org/entity/Q7374301,729,United Kingdom,-0.2138,51.4522,,researcher
http://www.wikidata.org/entity/Q7374301,729,United Kingdom,-0.21417767,51.45191701,,researcher
http://www.wikidata.org/entity/Q162684,18298,Germany,13.377222,52.526944,,engineer
http://www.wikidata.org/entity/Q7341140,2742,Germany,9.18722,48.8144,,researcher
http://www.wikidata.org/entity/Q162684,18298,Germany,13.377222,52.526944,,computational biologist
http://www.wikidata.org/entity/Q162684,18298,Germany,13.377222,52.526944,,rheumatologist
http://www.wikidata.org/entity/Q7374301,615,United Kingdom,-0.2138,51.4522,,researcher
http://www.wikidata.org/entity/Q7374301,615,United Kingdom,-0.21417767,51.45191701,,researcher
http://www.wikidata.org/entity/Q7374301,634,United Kingdom,-0.2138,51.4522,,researcher
http://www.wikidata.org/entity/Q7341140,2331,Germany,9.18722,48.8144,,researcher
http://www.wikidata.org/entity/Q7374301,634,United Kingdom,-0.21417767,51.45191701,,researcher
http://www.wikidata.org/entity/Q7374945,13,United Kingdom,-2.391,51.3917,,researcher
http://www.wikidata.org/entity/Q7374945,13,United Kingdom,-2.391,51.3917,,chemist
http://www.wikidata.org/entity/Q7374945,14,United Kingdom,-2.391,51.3917,,researcher
http://www.wikidata.org/entity/Q7374945,14,United Kingdom,-2.391,51.3917,,chemist
http://www.wikidata.org/entity/Q7374301,661,United Kingdom,-0.2138,51.4522,,researcher
http://www.wikidata.org/entity/Q7374301,661,United Kingdom,-0.21417767,51.45191701,,researcher
http://www.wikidata.org/entity/Q7374301,681,United Kingdom,-0.2138,51.4522,,researcher
http://www.wikidata.org/entity/Q7374301,681,United Kingdom,-0.21417767,51.45191701,,researcher
http://www.wikidata.org/entity/Q2892284,8889,United States of America,-95.3965,29.7105,,gastroenterologist
http://www.wikidata.org/entity/Q162684,18298,Germany,13.377222,52.526944,,physician writer
http://www.wikidata.org/entity/Q162684,18298,Germany,13.377222,52.526944,,conductor
http://www.wikidata.org/entity/Q162684,18298,Germany,13.377222,52.526944,,parasitologist
http://www.wikidata.org/entity/Q162684,18298,Germany,13.377222,52.526944,,cabaret performer
http://www.wikidata.org/entity/Q2892284,8889,United States of America,-95.3965,29.7105,,crystallographer
http://www.wikidata.org/entity/Q1734280,15000,Sweden,18.03222222,59.35222222,,physician
http://www.wikidata.org/entity/Q1734280,15000,Sweden,18.03222222,59.35222222,,university teacher
http://www.wikidata.org/entity/Q1734280,15000,Sweden,18.03222222,59.35222222,,researcher
http://www.wikidata.org/entity/Q1734280,15000,Sweden,18.03222222,59.35222222,,neurologist
http://www.wikidata.org/entity/Q1734280,15000,Sweden,18.03222222,59.35222222,,cardiologist
http://www.wikidata.org/entity/Q1734280,15000,Sweden,18.03222222,59.35222222,,pediatrician
http://www.wikidata.org/entity/Q1734280,15000,Sweden,18.03222222,59.35222222,,biotechnologist
http://www.wikidata.org/entity/Q1734280,15000,Sweden,18.03222222,59.35222222,,internist
http://www.wikidata.org/entity/Q1734280,15000,Sweden,18.03222222,59.35222222,,doctoral student
http://www.wikidata.org/entity/Q7896431,10805,United States of America,-95.4029,29.7033,,pharmacologist
http://www.wikidata.org/entity/Q2892284,8889,United States of America,-95.3965,29.7105,,medical faculty
http://www.wikidata.org/entity/Q1052562,12000,United States of America,-118.380676,34.075198,,scientist
http://www.wikidata.org/entity/Q1052562,12000,United States of America,-118.380676,34.075198,,endocrinologist
http://www.wikidata.org/entity/Q1052562,12000,United States of America,-118.380676,34.075198,,physician
http://www.wikidata.org/entity/Q1052562,12000,United States of America,-118.380676,34.075198,,researcher
http://www.wikidata.org/entity/Q1052562,12000,United States of America,-118.380676,34.075198,,medical researcher
http://www.wikidata.org/entity/Q1052562,12000,United States of America,-118.380676,34.075198,,epidemiologist
http://www.wikidata.org/entity/Q1052562,12000,United States of America,-118.380676,34.075198,,bioinformatician
http://www.wikidata.org/entity/Q1052562,12000,United States of America,-118.380676,34.075198,,biochemist
http://www.wikidata.org/entity/Q5908758,593,United Kingdom,-0.174167,51.5328,,researcher
http://www.wikidata.org/entity/Q5908758,602,United Kingdom,-0.174167,51.5328,,researcher
http://www.wikidata.org/entity/Q5908758,621,United Kingdom,-0.174167,51.5328,,researcher
http://www.wikidata.org/entity/Q5908758,631,United Kingdom,-0.174167,51.5328,,researcher
http://www.wikidata.org/entity/Q5908758,643,United Kingdom,-0.174167,51.5328,,researcher
http://www.wikidata.org/entity/Q7896431,10805,United States of America,-95.4029,29.7033,,pediatric dentist
http://www.wikidata.org/entity/Q4005868,5998,United States of America,-98.576,29.506,,academic
http://www.wikidata.org/entity/Q4005868,5998,United States of America,-98.576,29.506,,doctoral student
http://www.wikidata.org/entity/Q2892284,8889,United States of America,-95.3965,29.7105,,surgeon
http://www.wikidata.org/entity/Q2892284,8889,United States of America,-95.3965,29.7105,,immunologist
http://www.wikidata.org/entity/Q2892284,8889,United States of America,-95.3965,29.7105,,doctoral student
http://www.wikidata.org/entity/Q4005868,5998,United States of America,-98.576,29.506,,endocrinologist
http://www.wikidata.org/entity/Q4005868,5998,United States of America,-98.576,29.506,,writer
http://www.wikidata.org/entity/Q4005868,5998,United States of America,-98.576,29.506,,author
http://www.wikidata.org/entity/Q4005868,5998,United States of America,-98.576,29.506,,chemist
http://www.wikidata.org/entity/Q4005868,5998,United States of America,-98.576,29.506,,dentist
http://www.wikidata.org/entity/Q4005868,5998,United States of America,-98.576,29.506,,epidemiologist
http://www.wikidata.org/entity/Q4005868,5998,United States of America,-98.576,29.506,,nephrologist
http://www.wikidata.org/entity/Q4005868,5998,United States of America,-98.576,29.506,,diabetologist
http://www.wikidata.org/entity/Q4005868,5998,United States of America,-98.576,29.506,,nurse scientist
http://www.wikidata.org/entity/Q1052562,12000,United States of America,-118.380676,34.075198,,professor
http://www.wikidata.org/entity/Q1052562,12000,United States of America,-118.380676,34.075198,,university teacher
http://www.wikidata.org/entity/Q1052562,12000,United States of America,-118.380676,34.075198,,astronaut
http://www.wikidata.org/entity/Q1052562,12000,United States of America,-118.380676,34.075198,,academic
http://www.wikidata.org/entity/Q1052562,12000,United States of America,-118.380676,34.075198,,psychologist
http://www.wikidata.org/entity/Q1052562,12000,United States of America,-118.380676,34.075198,,geneticist
http://www.wikidata.org/entity/Q1052562,12000,United States of America,-118.380676,34.075198,,cancer researcher
http://www.wikidata.org/entity/Q1052562,12000,United States of America,-118.380676,34.075198,,neurosurgeon
http://www.wikidata.org/entity/Q1052562,12000,United States of America,-118.380676,34.075198,,professor of medicine
http://www.wikidata.org/entity/Q1052562,12000,United States of America,-118.380676,34.075198,,pediatrician
http://www.wikidata.org/entity/Q1734280,15000,Sweden,18.03222222,59.35222222,,scientist
http://www.wikidata.org/entity/Q1052562,12000,United States of America,-118.380676,34.075198,,abortion provider
http://www.wikidata.org/entity/Q1734280,15000,Sweden,18.03222222,59.35222222,,Wikimedian in residence
http://www.wikidata.org/entity/Q1052562,12000,United States of America,-118.380676,34.075198,,surgeon
http://www.wikidata.org/entity/Q1052562,12000,United States of America,-118.380676,34.075198,,neonatologist
http://www.wikidata.org/entity/Q1052562,12000,United States of America,-118.380676,34.075198,,rheumatologist
http://www.wikidata.org/entity/Q1052562,12000,United States of America,-118.380676,34.075198,,internist
http://www.wikidata.org/entity/Q1052562,12000,United States of America,-118.380676,34.075198,,expert
http://www.wikidata.org/entity/Q2892284,8889,United States of America,-95.3965,29.7105,,information scientist
http://www.wikidata.org/entity/Q4005868,5998,United States of America,-98.576,29.506,,physiotherapist
http://www.wikidata.org/entity/Q1052562,12000,United States of America,-118.380676,34.075198,,physicist
http://www.wikidata.org/entity/Q1052562,12000,United States of America,-118.380676,34.075198,,pharmacologist
http://www.wikidata.org/entity/Q1052562,12000,United States of America,-118.380676,34.075198,,psychoanalyst
http://www.wikidata.org/entity/Q1052562,12000,United States of America,-118.380676,34.075198,,psychiatrist
http://www.wikidata.org/entity/Q1052562,12000,United States of America,-118.380676,34.075198,,statistician
http://www.wikidata.org/entity/Q1052562,12000,United States of America,-118.380676,34.075198,,oncologist
http://www.wikidata.org/entity/Q1052562,12000,United States of America,-118.380676,34.075198,,plastic surgeon
http://www.wikidata.org/entity/Q1052562,12000,United States of America,-118.380676,34.075198,,urologist
http://www.wikidata.org/entity/Q11863284,5842,Czech Republic,14.420992,50.073501,,physician
http://www.wikidata.org/entity/Q11863284,5842,Czech Republic,14.420992,50.073501,,researcher
http://www.wikidata.org/entity/Q11863284,5842,Czech Republic,14.420992,50.073501,,psychologist
http://www.wikidata.org/entity/Q11863284,5842,Czech Republic,14.420992,50.073501,,biochemist
http://www.wikidata.org/entity/Q11863284,5842,Czech Republic,14.420992,50.073501,,biologist
http://www.wikidata.org/entity/Q11863284,5842,Czech Republic,14.420992,50.073501,,geneticist
http://www.wikidata.org/entity/Q11863284,5842,Czech Republic,14.420992,50.073501,,psychiatrist
http://www.wikidata.org/entity/Q11863284,5842,Czech Republic,14.420992,50.073501,,pharmacist
http://www.wikidata.org/entity/Q11863284,5842,Czech Republic,14.420992,50.073501,,toxicologist
http://www.wikidata.org/entity/Q11863284,5842,Czech Republic,14.420992,50.073501,,neuroscientist
http://www.wikidata.org/entity/Q11863284,5842,Czech Republic,14.420992,50.073501,,embryologist
http://www.wikidata.org/entity/Q11863284,5842,Czech Republic,14.420992,50.073501,,oncologist
http://www.wikidata.org/entity/Q11863284,5842,Czech Republic,14.420992,50.073501,,neurologist
http://www.wikidata.org/entity/Q11863284,5842,Czech Republic,14.420992,50.073501,,cardiologist
http://www.wikidata.org/entity/Q11863284,5842,Czech Republic,14.420992,50.073501,,ophthalmologist
http://www.wikidata.org/entity/Q11863284,5842,Czech Republic,14.420992,50.073501,,gastroenterologist
http://www.wikidata.org/entity/Q11863284,5842,Czech Republic,14.420992,50.073501,,radiologist
http://www.wikidata.org/entity/Q162684,18298,Germany,13.377222,52.526944,,flautist
http://www.wikidata.org/entity/Q316207,10444,Germany,9.976667,53.591389,,politician
http://www.wikidata.org/entity/Q316207,10444,Germany,9.976667,53.591389,,physician
http://www.wikidata.org/entity/Q316207,10444,Germany,9.976667,53.591389,,university teacher
http://www.wikidata.org/entity/Q316207,10444,Germany,9.976667,53.591389,,biologist
http://www.wikidata.org/entity/Q316207,10444,Germany,9.976667,53.591389,,neuroscientist
http://www.wikidata.org/entity/Q316207,10444,Germany,9.976667,53.591389,,neuropathologist
http://www.wikidata.org/entity/Q162684,18298,Germany,13.377222,52.526944,,nephrologist
http://www.wikidata.org/entity/Q4005868,5998,United States of America,-98.576,29.506,,pharmacologist
http://www.wikidata.org/entity/Q2496421,4368,Germany,13.405278,54.088333,,researcher
http://www.wikidata.org/entity/Q13497549,2300,Germany,11.532426,49.943805,,researcher
http://www.wikidata.org/entity/Q55616095,10000,Germany,11.56055556,48.13194444,,temporary career soldier
http://www.wikidata.org/entity/Q55616095,1800,Germany,11.56055556,48.13194444,,temporary career soldier
http://www.wikidata.org/entity/Q55616095,10000,Germany,11.56055556,48.13194444,,lawyer
http://www.wikidata.org/entity/Q55616095,10000,Germany,11.56055556,48.13194444,,physician
http://www.wikidata.org/entity/Q55616095,10000,Germany,11.56055556,48.13194444,,university teacher
http://www.wikidata.org/entity/Q55616095,10000,Germany,11.56055556,48.13194444,,researcher
http://www.wikidata.org/entity/Q55616095,10000,Germany,11.56055556,48.13194444,,surgeon
http://www.wikidata.org/entity/Q55616095,10000,Germany,11.56055556,48.13194444,,neurologist
http://www.wikidata.org/entity/Q55616095,10000,Germany,11.56055556,48.13194444,,naturalist
http://www.wikidata.org/entity/Q55616095,10000,Germany,11.56055556,48.13194444,,cardiologist
http://www.wikidata.org/entity/Q55616095,10000,Germany,11.56055556,48.13194444,,ophthalmologist
http://www.wikidata.org/entity/Q55616095,10000,Germany,11.56055556,48.13194444,,pediatrician
http://www.wikidata.org/entity/Q55616095,10000,Germany,11.56055556,48.13194444,,internist
http://www.wikidata.org/entity/Q55616095,1800,Germany,11.56055556,48.13194444,,lawyer
http://www.wikidata.org/entity/Q55616095,1800,Germany,11.56055556,48.13194444,,physician
http://www.wikidata.org/entity/Q55616095,1800,Germany,11.56055556,48.13194444,,university teacher
http://www.wikidata.org/entity/Q55616095,1800,Germany,11.56055556,48.13194444,,researcher
http://www.wikidata.org/entity/Q55616095,1800,Germany,11.56055556,48.13194444,,surgeon
http://www.wikidata.org/entity/Q55616095,1800,Germany,11.56055556,48.13194444,,neurologist
http://www.wikidata.org/entity/Q55616095,1800,Germany,11.56055556,48.13194444,,naturalist
http://www.wikidata.org/entity/Q55616095,1800,Germany,11.56055556,48.13194444,,cardiologist
http://www.wikidata.org/entity/Q55616095,1800,Germany,11.56055556,48.13194444,,ophthalmologist
http://www.wikidata.org/entity/Q55616095,1800,Germany,11.56055556,48.13194444,,pediatrician
http://www.wikidata.org/entity/Q55616095,1800,Germany,11.56055556,48.13194444,,internist
http://www.wikidata.org/entity/Q162684,18298,Germany,13.377222,52.526944,,serial killer
http://www.wikidata.org/entity/Q162684,18298,Germany,13.377222,52.526944,,medical researcher
http://www.wikidata.org/entity/Q162684,18298,Germany,13.377222,52.526944,,nurse
http://www.wikidata.org/entity/Q162684,18298,Germany,13.377222,52.526944,,urologist
http://www.wikidata.org/entity/Q162684,18298,Germany,13.377222,52.526944,,oncologist
http://www.wikidata.org/entity/Q162684,18298,Germany,13.377222,52.526944,,infectious disease physician
http://www.wikidata.org/entity/Q162684,18298,Germany,13.377222,52.526944,,cardiologist
http://www.wikidata.org/entity/Q162684,18298,Germany,13.377222,52.526944,,bioinformatician
http://www.wikidata.org/entity/Q162684,18298,Germany,13.377222,52.526944,,human geneticist
http://www.wikidata.org/entity/Q162684,18298,Germany,13.377222,52.526944,,obstetrician
http://www.wikidata.org/entity/Q11863284,5842,Czech Republic,14.420992,50.073501,,engineer
http://www.wikidata.org/entity/Q11863284,5842,Czech Republic,14.420992,50.073501,,anesthesiologist
http://www.wikidata.org/entity/Q11863284,5842,Czech Republic,14.420992,50.073501,,internist
http://www.wikidata.org/entity/Q11863284,5842,Czech Republic,14.420992,50.073501,,stomatologist
http://www.wikidata.org/entity/Q162684,18298,Germany,13.377222,52.526944,,Privatdozent
http://www.wikidata.org/entity/Q11863284,5842,Czech Republic,14.420992,50.073501,,physiotherapist
http://www.wikidata.org/entity/Q11863284,5842,Czech Republic,14.420992,50.073501,,dermatovenereologist
http://www.wikidata.org/entity/Q316207,10444,Germany,9.976667,53.591389,,medical examiner
http://www.wikidata.org/entity/Q1052562,12000,United States of America,-118.380676,34.075198,,radiologist
http://www.wikidata.org/entity/Q316207,10444,Germany,9.976667,53.591389,,researcher
http://www.wikidata.org/entity/Q316207,10444,Germany,9.976667,53.591389,,pharmacist
http://www.wikidata.org/entity/Q9004934,4306,Spain,2.10424444,41.34486111,,physician
http://www.wikidata.org/entity/Q9004934,4306,Spain,2.10424444,41.34486111,,researcher
http://www.wikidata.org/entity/Q9004934,4306,Spain,2.10424444,41.34486111,,activist
http://www.wikidata.org/entity/Q9004934,4306,Spain,2.10424444,41.34486111,,chemical engineer
http://www.wikidata.org/entity/Q7923433,4119,Norway,10.4183,59.2725,,mathematician
http://www.wikidata.org/entity/Q7923433,4119,Norway,10.4183,59.2725,,physician
http://www.wikidata.org/entity/Q7923433,4119,Norway,10.4183,59.2725,,film producer
http://www.wikidata.org/entity/Q7923433,4119,Norway,10.4183,59.2725,,researcher
http://www.wikidata.org/entity/Q7923433,4119,Norway,10.4183,59.2725,,statistician
http://www.wikidata.org/entity/Q9004934,4306,Spain,2.10424444,41.34486111,,field hockey player
http://www.wikidata.org/entity/Q9004934,4306,Spain,2.10424444,41.34486111,,university teacher
http://www.wikidata.org/entity/Q9004934,4306,Spain,2.10424444,41.34486111,,traumatologist
http://www.wikidata.org/entity/Q162684,18298,Germany,13.377222,52.526944,,computer scientist
http://www.wikidata.org/entity/Q162684,18298,Germany,13.377222,52.526944,,geneticist
http://www.wikidata.org/entity/Q162684,18298,Germany,13.377222,52.526944,,statistician
http://www.wikidata.org/entity/Q162684,18298,Germany,13.377222,52.526944,,orthopedic surgeon
http://www.wikidata.org/entity/Q316207,10444,Germany,9.976667,53.591389,,woman physician
http://www.wikidata.org/entity/Q2496401,13200,Germany,10.705985,53.837445,,physician
http://www.wikidata.org/entity/Q2496401,13200,Germany,10.705985,53.837445,,university teacher
http://www.wikidata.org/entity/Q2496401,13200,Germany,10.705985,53.837445,,researcher
http://www.wikidata.org/entity/Q2496401,13200,Germany,10.705985,53.837445,,biologist
http://www.wikidata.org/entity/Q2496401,13200,Germany,10.705985,53.837445,,blogger
http://www.wikidata.org/entity/Q2496401,13200,Germany,10.705985,53.837445,,neurosurgeon
http://www.wikidata.org/entity/Q2496401,13200,Germany,10.705985,53.837445,,anesthesiologist
http://www.wikidata.org/entity/Q316207,10444,Germany,9.976667,53.591389,,psychologist
http://www.wikidata.org/entity/Q316207,10444,Germany,9.976667,53.591389,,allergist
http://www.wikidata.org/entity/Q2496389,5500,Germany,6.78938,51.1971,,runologist
http://www.wikidata.org/entity/Q2496401,13200,Germany,10.1431498,54.3300361,,physician
http://www.wikidata.org/entity/Q2496401,13200,Germany,10.1431498,54.3300361,,university teacher
http://www.wikidata.org/entity/Q2496401,13200,Germany,10.1431498,54.3300361,,researcher
http://www.wikidata.org/entity/Q2496401,13200,Germany,10.1431498,54.3300361,,biologist
http://www.wikidata.org/entity/Q2496401,13200,Germany,10.1431498,54.3300361,,blogger
http://www.wikidata.org/entity/Q2496401,13200,Germany,10.1431498,54.3300361,,neurosurgeon
http://www.wikidata.org/entity/Q2496401,13200,Germany,10.1431498,54.3300361,,anesthesiologist
http://www.wikidata.org/entity/Q2496389,5500,Germany,6.78938,51.1971,,cartoonist
http://www.wikidata.org/entity/Q2496389,5500,Germany,6.78938,51.1971,,university teacher
http://www.wikidata.org/entity/Q2496389,5500,Germany,6.78938,51.1971,,researcher
http://www.wikidata.org/entity/Q2496389,5500,Germany,6.78938,51.1971,,psychologist
http://www.wikidata.org/entity/Q2496389,5500,Germany,6.78938,51.1971,,biochemist
http://www.wikidata.org/entity/Q2496389,5500,Germany,6.78938,51.1971,,engineer
http://www.wikidata.org/entity/Q2496389,5500,Germany,6.78938,51.1971,,archaeologist
http://www.wikidata.org/entity/Q2496389,5500,Germany,6.78938,51.1971,,psychiatrist
http://www.wikidata.org/entity/Q2496389,5500,Germany,6.78938,51.1971,,immunologist
http://www.wikidata.org/entity/Q2496389,5500,Germany,6.78938,51.1971,,non-fiction writer
http://www.wikidata.org/entity/Q2496389,5500,Germany,6.78938,51.1971,,neurologist
http://www.wikidata.org/entity/Q2496389,5500,Germany,6.78938,51.1971,,virologist
http://www.wikidata.org/entity/Q2496389,5500,Germany,6.78938,51.1971,,prehistorian
http://www.wikidata.org/entity/Q2496389,5500,Germany,6.78938,51.1971,,paleoanthropologist
http://www.wikidata.org/entity/Q2496389,5500,Germany,6.78938,51.1971,,cell biologist
http://www.wikidata.org/entity/Q2496389,5500,Germany,6.78938,51.1971,,science journalist
http://www.wikidata.org/entity/Q2496389,5500,Germany,6.78938,51.1971,,fencing master
http://www.wikidata.org/entity/Q2496389,5500,Germany,6.78938,51.1971,,forensic scientist
http://www.wikidata.org/entity/Q2496396,9700,Germany,8.80583333,50.81472222,,university teacher
http://www.wikidata.org/entity/Q2496396,9700,Germany,8.80583333,50.81472222,,researcher
http://www.wikidata.org/entity/Q2496396,9700,Germany,8.80583333,50.81472222,,cardiac surgeon
http://www.wikidata.org/entity/Q1734280,15000,Sweden,18.03222222,59.35222222,,hematologist
http://www.wikidata.org/entity/Q2496404,6400,Germany,9.9531,48.4214,,researcher
http://www.wikidata.org/entity/Q2496404,6400,Germany,9.9531,48.4214,,ophthalmologist
http://www.wikidata.org/entity/Q9004934,4306,Spain,2.10424444,41.34486111,,writer
http://www.wikidata.org/entity/Q9004934,4306,Spain,2.10424444,41.34486111,,athlete
http://www.wikidata.org/entity/Q9004934,4306,Spain,2.10424444,41.34486111,,environmental engineer
http://www.wikidata.org/entity/Q9004934,4306,Spain,2.10424444,41.34486111,,sportsperson
http://www.wikidata.org/entity/Q1734280,15000,Sweden,18.03222222,59.35222222,,non-fiction writer
http://www.wikidata.org/entity/Q7896431,10805,United States of America,-95.4029,29.7033,,scientist
http://www.wikidata.org/entity/Q7896431,10805,United States of America,-95.4029,29.7033,,political scientist
http://www.wikidata.org/entity/Q7896431,10805,United States of America,-95.4029,29.7033,,surgeon
http://www.wikidata.org/entity/Q7896431,10805,United States of America,-95.4029,29.7033,,public health scientist
http://www.wikidata.org/entity/Q11989409,5808,Czech Republic,14.34377384,50.07397461,,researcher
http://www.wikidata.org/entity/Q11989409,5808,Czech Republic,14.34377384,50.07397461,,biochemist
http://www.wikidata.org/entity/Q162684,18298,Germany,13.377222,52.526944,,labour scientist
http://www.wikidata.org/entity/Q11863284,5842,Czech Republic,14.420992,50.073501,,scientist
http://www.wikidata.org/entity/Q11863284,5842,Czech Republic,14.420992,50.073501,,university teacher
http://www.wikidata.org/entity/Q11863284,5842,Czech Republic,14.420992,50.073501,,chemist
http://www.wikidata.org/entity/Q11863284,5842,Czech Republic,14.420992,50.073501,,pathologist
http://www.wikidata.org/entity/Q11863284,5842,Czech Republic,14.420992,50.073501,,pediatrician
http://www.wikidata.org/entity/Q11863284,5842,Czech Republic,14.420992,50.073501,,executive
http://www.wikidata.org/entity/Q11863284,5842,Czech Republic,14.420992,50.073501,,gynaecologist
http://www.wikidata.org/entity/Q2496379,7950,Germany,6.987717,51.435235,,physician
http://www.wikidata.org/entity/Q2496379,7950,Germany,6.987717,51.435235,,researcher
http://www.wikidata.org/entity/Q2496379,7950,Germany,6.987717,51.435235,,neurosurgeon
http://www.wikidata.org/entity/Q2496389,5500,Germany,6.78938,51.1971,,gynaecologist
http://www.wikidata.org/entity/Q2496396,9700,Germany,8.80583333,50.81472222,,author
http://www.wikidata.org/entity/Q2496396,9700,Germany,8.80583333,50.81472222,,pediatrician
http://www.wikidata.org/entity/Q316207,10444,Germany,9.976667,53.591389,,surgeon
http://www.wikidata.org/entity/Q316207,10444,Germany,9.976667,53.591389,,neurosurgeon
http://www.wikidata.org/entity/Q11989409,5808,Czech Republic,14.34377384,50.07397461,,Q16335867
http://www.wikidata.org/entity/Q11989409,5808,Czech Republic,14.34377384,50.07397461,,physician
http://www.wikidata.org/entity/Q11989409,5808,Czech Republic,14.34377384,50.07397461,,university teacher
http://www.wikidata.org/entity/Q11989409,5808,Czech Republic,14.34377384,50.07397461,,surgeon
http://www.wikidata.org/entity/Q11989409,5808,Czech Republic,14.34377384,50.07397461,,psychiatrist
http://www.wikidata.org/entity/Q11989409,5808,Czech Republic,14.34377384,50.07397461,,immunologist
http://www.wikidata.org/entity/Q11989409,5808,Czech Republic,14.34377384,50.07397461,,otolaryngologist
http://www.wikidata.org/entity/Q11989409,5808,Czech Republic,14.34377384,50.07397461,,urologist
http://www.wikidata.org/entity/Q11989409,5808,Czech Republic,14.34377384,50.07397461,,oncologist
http://www.wikidata.org/entity/Q11989409,5808,Czech Republic,14.34377384,50.07397461,,neurologist
http://www.wikidata.org/entity/Q11989409,5808,Czech Republic,14.34377384,50.07397461,,gastroenterologist
http://www.wikidata.org/entity/Q11989409,5808,Czech Republic,14.34377384,50.07397461,,pediatrician
http://www.wikidata.org/entity/Q11989409,5808,Czech Republic,14.34377384,50.07397461,,neonatologist
http://www.wikidata.org/entity/Q11989409,5808,Czech Republic,14.34377384,50.07397461,,vascular surgeon
http://www.wikidata.org/entity/Q11989409,5808,Czech Republic,14.34377384,50.07397461,,gynaecologist
http://www.wikidata.org/entity/Q11989409,5808,Czech Republic,14.34377384,50.07397461,,diabetologist
http://www.wikidata.org/entity/Q11863284,5842,Czech Republic,14.420992,50.073501,,surgeon
http://www.wikidata.org/entity/Q11863284,5842,Czech Republic,14.420992,50.073501,,dermatologist
http://www.wikidata.org/entity/Q11863284,5842,Czech Republic,14.420992,50.073501,,immunologist
http://www.wikidata.org/entity/Q11863284,5842,Czech Republic,14.420992,50.073501,,hematologist
http://www.wikidata.org/entity/Q11863284,5842,Czech Republic,14.420992,50.073501,,urologist
http://www.wikidata.org/entity/Q11863284,5842,Czech Republic,14.420992,50.073501,,virologist
http://www.wikidata.org/entity/Q11863284,5842,Czech Republic,14.420992,50.073501,,neonatologist
http://www.wikidata.org/entity/Q11863284,5842,Czech Republic,14.420992,50.073501,,obstetrician
http://www.wikidata.org/entity/Q11863284,5842,Czech Republic,14.420992,50.073501,,anatomist
http://www.wikidata.org/entity/Q2496401,13200,Germany,10.1431498,54.3300361,,professor
http://www.wikidata.org/entity/Q2496401,13200,Germany,10.705985,53.837445,,professor
http://www.wikidata.org/entity/Q2496404,6400,Germany,9.9531,48.4214,,professor
http://www.wikidata.org/entity/Q2496404,6400,Germany,9.9531,48.4214,,university teacher
http://www.wikidata.org/entity/Q2496404,6400,Germany,9.9531,48.4214,,geneticist
http://www.wikidata.org/entity/Q2496404,6400,Germany,9.9531,48.4214,,hematologist
http://www.wikidata.org/entity/Q2496404,6400,Germany,9.9531,48.4214,,oncologist
http://www.wikidata.org/entity/Q2496404,6400,Germany,9.9531,48.4214,,pediatrician
http://www.wikidata.org/entity/Q1734280,15000,Sweden,18.03222222,59.35222222,,professor
http://www.wikidata.org/entity/Q1734280,15000,Sweden,18.03222222,59.35222222,,entrepreneur
http://www.wikidata.org/entity/Q1734280,15000,Sweden,18.03222222,59.35222222,,immunologist
http://www.wikidata.org/entity/Q1734280,15000,Sweden,18.03222222,59.35222222,,personal physician
http://www.wikidata.org/entity/Q1734280,15000,Sweden,18.03222222,59.35222222,,chief technology officer
http://www.wikidata.org/entity/Q2496415,10000,Denmark,10.3697,55.3848,,researcher
http://www.wikidata.org/entity/Q3446347,11032,Norway,10.387778,63.420833,,professor
http://www.wikidata.org/entity/Q3446347,11032,Norway,10.387778,63.420833,,physician
http://www.wikidata.org/entity/Q3446347,11032,Norway,10.387778,63.420833,,researcher
http://www.wikidata.org/entity/Q3446347,11032,Norway,10.387778,63.420833,,psychiatrist
http://www.wikidata.org/entity/Q3446347,11032,Norway,10.387778,63.420833,,immunologist
http://www.wikidata.org/entity/Q2496415,10000,Denmark,10.3697,55.3848,,medical specialist
http://www.wikidata.org/entity/Q2496415,10000,Denmark,10.3697,55.3848,,research assistant
http://www.wikidata.org/entity/Q316207,10444,Germany,9.976667,53.591389,,professor
http://www.wikidata.org/entity/Q316207,10444,Germany,9.976667,53.591389,,physiologist
http://www.wikidata.org/entity/Q316207,10444,Germany,9.976667,53.591389,,pediatrician
http://www.wikidata.org/entity/Q316207,10444,Germany,9.976667,53.591389,,doctoral student
http://www.wikidata.org/entity/Q11989409,5808,Czech Republic,14.34377384,50.07397461,,biologist
http://www.wikidata.org/entity/Q11989409,5808,Czech Republic,14.34377384,50.07397461,,neurosurgeon
http://www.wikidata.org/entity/Q11989409,5808,Czech Republic,14.34377384,50.07397461,,cardiologist
http://www.wikidata.org/entity/Q11989409,5808,Czech Republic,14.34377384,50.07397461,,ophthalmologist
http://www.wikidata.org/entity/Q11989409,5808,Czech Republic,14.34377384,50.07397461,,anesthesiologist
http://www.wikidata.org/entity/Q11989409,5808,Czech Republic,14.34377384,50.07397461,,stomatologist
http://www.wikidata.org/entity/Q11989409,5808,Czech Republic,14.34377384,50.07397461,,physiotherapist
http://www.wikidata.org/entity/Q162684,18298,Germany,13.377222,52.526944,,assistant physician
http://www.wikidata.org/entity/Q11989409,5808,Czech Republic,14.34377384,50.07397461,,dermatovenereologist
http://www.wikidata.org/entity/Q4586373,5700,Norway,18.981671,69.682709,,scientist
http://www.wikidata.org/entity/Q4586373,5700,Norway,18.981671,69.682709,,professor
http://www.wikidata.org/entity/Q4586373,5700,Norway,18.981671,69.682709,,politician
http://www.wikidata.org/entity/Q4586373,5700,Norway,18.981671,69.682709,,physician
http://www.wikidata.org/entity/Q4586373,5700,Norway,18.981671,69.682709,,researcher
http://www.wikidata.org/entity/Q4586373,5700,Norway,18.981671,69.682709,,microbiologist
http://www.wikidata.org/entity/Q4586373,5700,Norway,18.981671,69.682709,,chief executive officer
http://www.wikidata.org/entity/Q4586373,5700,Norway,18.981671,69.682709,,professor of psychology
http://www.wikidata.org/entity/Q2494398,12000,Germany,6.91755,50.9251,,team leader
http://www.wikidata.org/entity/Q2494398,12000,Germany,6.91755,50.9251,,medical director
http://www.wikidata.org/entity/Q2494398,12000,Germany,6.91755,50.9251,,computer scientist
http://www.wikidata.org/entity/Q2494398,12000,Germany,6.91755,50.9251,,physician
http://www.wikidata.org/entity/Q2494398,12000,Germany,6.91755,50.9251,,university teacher
http://www.wikidata.org/entity/Q2494398,12000,Germany,6.91755,50.9251,,researcher
http://www.wikidata.org/entity/Q2494398,12000,Germany,6.91755,50.9251,,surgeon
http://www.wikidata.org/entity/Q2494398,12000,Germany,6.91755,50.9251,,biologist
http://www.wikidata.org/entity/Q2494398,12000,Germany,6.91755,50.9251,,psychiatrist
http://www.wikidata.org/entity/Q2494398,12000,Germany,6.91755,50.9251,,blogger
http://www.wikidata.org/entity/Q2494398,12000,Germany,6.91755,50.9251,,neurologist
http://www.wikidata.org/entity/Q2494398,12000,Germany,6.91755,50.9251,,nephrologist
http://www.wikidata.org/entity/Q2494398,12000,Germany,6.91755,50.9251,,internist
http://www.wikidata.org/entity/Q1734280,15000,Sweden,18.03222222,59.35222222,,microbiologist
http://www.wikidata.org/entity/Q1734280,15000,Sweden,18.03222222,59.35222222,,chief physician
http://www.wikidata.org/entity/Q2123187,4,Belgium,4.30775,50.88726,,researcher
http://www.wikidata.org/entity/Q3446347,11032,Norway,10.387778,63.420833,,crime fiction writer
http://www.wikidata.org/entity/Q9004934,4306,Spain,2.10424444,41.34486111,,politician
http://www.wikidata.org/entity/Q9004934,4306,Spain,2.10424444,41.34486111,,surgeon
http://www.wikidata.org/entity/Q9004934,4306,Spain,2.10424444,41.34486111,,psychiatrist
http://www.wikidata.org/entity/Q9004934,4306,Spain,2.10424444,41.34486111,,oncologist
http://www.wikidata.org/entity/Q9004934,4306,Spain,2.10424444,41.34486111,,neurologist
http://www.wikidata.org/entity/Q9004934,4306,Spain,2.10424444,41.34486111,,ophthalmologist
http://www.wikidata.org/entity/Q4586373,5700,Norway,18.981671,69.682709,,anti-vaccine activist
http://www.wikidata.org/entity/Q3446347,11032,Norway,10.387778,63.420833,,social scientist
http://www.wikidata.org/entity/Q3446347,11032,Norway,10.387778,63.420833,,oncologist
http://www.wikidata.org/entity/Q3446347,11032,Norway,10.387778,63.420833,,radiologist
http://www.wikidata.org/entity/Q2496379,7950,Germany,6.987717,51.435235,,university teacher
http://www.wikidata.org/entity/Q2496379,7950,Germany,6.987717,51.435235,,medical researcher
http://www.wikidata.org/entity/Q2496379,7950,Germany,6.987717,51.435235,,non-fiction writer
http://www.wikidata.org/entity/Q2496379,7950,Germany,6.987717,51.435235,,virologist
http://www.wikidata.org/entity/Q30282277,2900,Germany,8.21764,53.111582,,researcher
http://www.wikidata.org/entity/Q2494398,12000,Germany,6.91755,50.9251,,professor
http://www.wikidata.org/entity/Q27903898,250,Spain,2.134797,41.40066,,researcher
http://www.wikidata.org/entity/Q23783912,1798,Switzerland,8.5758981,47.3512369,,researcher
http://www.wikidata.org/entity/Q21626589,1000,Greece,23.751531141716,37.979037587123,,researcher
http://www.wikidata.org/entity/Q22001404,663,Switzerland,7.453744,46.952018,,researcher
http://www.wikidata.org/entity/Q23783965,255,Switzerland,7.604665,47.527733,,researcher
http://www.wikidata.org/entity/Q23787976,2112,Germany,8.05149,50.38736,,researcher
http://www.wikidata.org/entity/Q23787976,1200,Germany,8.05149,50.38736,,researcher
http://www.wikidata.org/entity/Q30254346,1078,Greece,23.755229,37.980113,,politician
http://www.wikidata.org/entity/Q30254346,1078,Greece,23.755229,37.980113,,physician
http://www.wikidata.org/entity/Q30254346,1078,Greece,23.755229,37.980113,,university teacher
http://www.wikidata.org/entity/Q30254346,1078,Greece,23.755229,37.980113,,researcher
http://www.wikidata.org/entity/Q27493190,1000,Spain,2.044649,41.474877,,researcher
http://www.wikidata.org/entity/Q316207,10444,Germany,9.976667,53.591389,,trauma surgeon
http://www.wikidata.org/entity/Q2496415,10000,Denmark,10.3697,55.3848,,professor of practice
http://www.wikidata.org/entity/Q316207,10444,Germany,9.976667,53.591389,,pharmacologist
http://www.wikidata.org/entity/Q316207,10444,Germany,9.976667,53.591389,,toxicologist
http://www.wikidata.org/entity/Q316207,10444,Germany,9.976667,53.591389,,orthopedic surgeon
http://www.wikidata.org/entity/Q2496421,4368,Germany,13.405278,54.088333,,computer scientist
http://www.wikidata.org/entity/Q2496421,4368,Germany,13.405278,54.088333,,professor
http://www.wikidata.org/entity/Q2496421,4368,Germany,13.405278,54.088333,,university teacher
http://www.wikidata.org/entity/Q2496421,4368,Germany,13.405278,54.088333,,surgeon
http://www.wikidata.org/entity/Q2496421,4368,Germany,13.405278,54.088333,,neurologist
http://www.wikidata.org/entity/Q1734280,15000,Sweden,18.03222222,59.35222222,,politician
http://www.wikidata.org/entity/Q2496415,10000,Denmark,10.3697,55.3848,,educator
http://www.wikidata.org/entity/Q1734280,15000,Sweden,18.03222222,59.35222222,,unlicensed assistive personnel
http://www.wikidata.org/entity/Q2123187,4,Belgium,4.30775,50.88726,,pediatrician
http://www.wikidata.org/entity/Q316207,10444,Germany,9.976667,53.591389,,infectious disease physician
http://www.wikidata.org/entity/Q316207,10444,Germany,9.976667,53.591389,,neurologist
http://www.wikidata.org/entity/Q7531321,2478,Croatia,15.9518706,45.8160205,,researcher
http://www.wikidata.org/entity/Q2496415,10000,Denmark,10.3697,55.3848,,physician
http://www.wikidata.org/entity/Q2496415,10000,Denmark,10.3697,55.3848,,surgeon
http://www.wikidata.org/entity/Q2496415,10000,Denmark,10.3697,55.3848,,orthopedic surgeon
http://www.wikidata.org/entity/Q162684,18298,Germany,13.377222,52.526944,,general practitioner
http://www.wikidata.org/entity/Q2496415,10000,Denmark,10.3697,55.3848,,biochemist
http://www.wikidata.org/entity/Q2496415,10000,Denmark,10.3697,55.3848,,psychiatrist
http://www.wikidata.org/entity/Q2496415,10000,Denmark,10.3697,55.3848,,Professor with Special Responsibilities
http://www.wikidata.org/entity/Q55616095,10000,Germany,11.56055556,48.13194444,,anesthesiologist
http://www.wikidata.org/entity/Q316207,10444,Germany,9.976667,53.591389,,expert witness
http://www.wikidata.org/entity/Q316207,10444,Germany,9.976667,53.591389,,academic
http://www.wikidata.org/entity/Q316207,10444,Germany,9.976667,53.591389,,biochemist
http://www.wikidata.org/entity/Q316207,10444,Germany,9.976667,53.591389,,theatrical director
http://www.wikidata.org/entity/Q316207,10444,Germany,9.976667,53.591389,,germanist
http://www.wikidata.org/entity/Q316207,10444,Germany,9.976667,53.591389,,oncologist
http://www.wikidata.org/entity/Q316207,10444,Germany,9.976667,53.591389,,non-fiction writer
http://www.wikidata.org/entity/Q316207,10444,Germany,9.976667,53.591389,,medical statistician
http://www.wikidata.org/entity/Q316207,10444,Germany,9.976667,53.591389,,internist
http://www.wikidata.org/entity/Q316207,10444,Germany,9.976667,53.591389,,health economist
http://www.wikidata.org/entity/Q55616095,1800,Germany,11.56055556,48.13194444,,anesthesiologist
http://www.wikidata.org/entity/Q2496396,9700,Germany,8.6668,50.5754,,university teacher
http://www.wikidata.org/entity/Q2496396,9700,Germany,8.6668,50.5754,,researcher
http://www.wikidata.org/entity/Q2496396,9700,Germany,8.6668,50.5754,,surgeon
http://www.wikidata.org/entity/Q2496415,10000,Denmark,10.3697,55.3848,,radiologist
http://www.wikidata.org/entity/Q2496396,9700,Germany,8.80583333,50.81472222,,surgeon
http://www.wikidata.org/entity/Q50038789,1041,Germany,13.495181,52.514205,,researcher
http://www.wikidata.org/entity/Q89351773,1000,Belarus,30.38564,53.86611,,politician
http://www.wikidata.org/entity/Q89351773,1000,Belarus,30.38564,53.86611,,physician
http://www.wikidata.org/entity/Q35387599,903,Germany,6.65894,51.21354,,researcher
http://www.wikidata.org/entity/Q50282220,250,Germany,9.4775269444444,51.423125,,researcher
http://www.wikidata.org/entity/Q87762183,95,Spain,-4.54844,36.602285,,researcher
http://www.wikidata.org/entity/Q11965600,1700,Norway,10.70410611,59.93619306,,doctoral student
http://www.wikidata.org/entity/Q11965600,1700,Norway,10.70410611,59.93619306,,physiotherapist
http://www.wikidata.org/entity/Q11965600,1700,Norway,10.70410611,59.93619306,,professor
http://www.wikidata.org/entity/Q11965600,1700,Norway,10.70410611,59.93619306,,physician
http://www.wikidata.org/entity/Q11965600,1700,Norway,10.70410611,59.93619306,,speed skater
http://www.wikidata.org/entity/Q11965600,1700,Norway,10.70410611,59.93619306,,researcher
http://www.wikidata.org/entity/Q11965600,1700,Norway,10.70410611,59.93619306,,psychiatrist
http://www.wikidata.org/entity/Q2496404,6400,Germany,9.9531,48.4214,,physician
http://www.wikidata.org/entity/Q2496404,6400,Germany,9.9531,48.4214,,surgeon
http://www.wikidata.org/entity/Q2496404,6400,Germany,9.9531,48.4214,,psychotherapist
http://www.wikidata.org/entity/Q20404308,4954,Latvia,24.244053,56.967449,,university teacher
http://www.wikidata.org/entity/Q20404308,4954,Latvia,24.244053,56.967449,,researcher
http://www.wikidata.org/entity/Q19598115,4274,Germany,10.50802,52.266238,,researcher
http://www.wikidata.org/entity/Q17137118,850,Spain,3.13194,41.853,,researcher
http://www.wikidata.org/entity/Q30280886,2521,Germany,11.136043733322,49.482136944049,,researcher
http://www.wikidata.org/entity/Q17123639,887,Switzerland,8.0425,47.39063,,researcher
http://www.wikidata.org/entity/Q30280886,2547,Germany,11.136043733322,49.482136944049,,researcher
http://www.wikidata.org/entity/Q2945756,14106,France,-0.604324,44.8276,,pharmacologist
http://www.wikidata.org/entity/Q2945756,14106,France,-0.604324,44.8276,,researcher
http://www.wikidata.org/entity/Q2945756,14106,France,-0.604324,44.8276,,cardiologist
http://www.wikidata.org/entity/Q2945756,14106,France,-0.604324,44.8276,,virologist
http://www.wikidata.org/entity/Q2945756,14106,France,-0.604324,44.8276,,orthopedic surgeon
http://www.wikidata.org/entity/Q11965600,1700,Norway,10.70410611,59.93619306,,university teacher
http://www.wikidata.org/entity/Q2945756,14106,France,-0.604324,44.8276,,physician
http://www.wikidata.org/entity/Q2496396,9700,Germany,8.6668,50.5754,,author
http://www.wikidata.org/entity/Q2496396,9700,Germany,8.6668,50.5754,,pediatrician
http://www.wikidata.org/entity/Q2496396,9700,Germany,8.6668,50.5754,,cardiac surgeon
http://www.wikidata.org/entity/Q2496389,5500,Germany,6.78938,51.1971,,botanist
http://www.wikidata.org/entity/Q2496389,5500,Germany,6.78938,51.1971,,physician
http://www.wikidata.org/entity/Q2496389,5500,Germany,6.78938,51.1971,,author
http://www.wikidata.org/entity/Q2496389,5500,Germany,6.78938,51.1971,,pharmacist
http://www.wikidata.org/entity/Q2496389,5500,Germany,6.78938,51.1971,,ophthalmologist
http://www.wikidata.org/entity/Q2496389,5500,Germany,6.78938,51.1971,,radiologist
http://www.wikidata.org/entity/Q16216390,1700,Germany,13.44519,48.56496,,researcher
http://www.wikidata.org/entity/Q15507848,350,Germany,9.48033,51.3281223,,researcher
http://www.wikidata.org/entity/Q15110572,687,Germany,13.15762997,52.56241621,,pediatrician
http://www.wikidata.org/entity/Q15110572,687,Germany,13.15762997,52.56241621,,Privatdozent
http://www.wikidata.org/entity/Q162684,18298,Germany,13.377222,52.526944,,Q88107046
http://www.wikidata.org/entity/Q162684,18298,Germany,13.377222,52.526944,,librarian
http://www.wikidata.org/entity/Q162684,18298,Germany,13.377222,52.526944,,gastroenterologist
http://www.wikidata.org/entity/Q162684,18298,Germany,13.377222,52.526944,,Amtsarzt
http://www.wikidata.org/entity/Q162684,18298,Germany,13.377222,52.526944,,anti-vaccine activist
http://www.wikidata.org/entity/Q19963300,943,Germany,13.59666729,52.44109726,,researcher
http://www.wikidata.org/entity/Q19965380,400,Germany,10.281081,53.660495,,researcher
http://www.wikidata.org/entity/Q2496379,7950,Germany,6.987717,51.435235,,scientist
http://www.wikidata.org/entity/Q2496379,7950,Germany,6.987717,51.435235,,oncologist
http://www.wikidata.org/entity/Q2496379,7950,Germany,6.987717,51.435235,,team leader
http://www.wikidata.org/entity/Q2496379,7950,Germany,6.987717,51.435235,,Privatdozent
http://www.wikidata.org/entity/Q19963300,574,Germany,13.59666729,52.44109726,,researcher
http://www.wikidata.org/entity/Q20404308,4954,Latvia,24.244053,56.967449,,physician
http://www.wikidata.org/entity/Q20404308,4954,Latvia,24.244053,56.967449,,geneticist
http://www.wikidata.org/entity/Q2496415,10000,Denmark,10.3697,55.3848,,professor
http://www.wikidata.org/entity/Q2496415,10000,Denmark,10.3697,55.3848,,endocrinologist
http://www.wikidata.org/entity/Q1897718,1700,Germany,8.054576,52.270364,,researcher
http://www.wikidata.org/entity/Q2493167,314,Austria,14.2958,46.618,,physician
http://www.wikidata.org/entity/Q2493167,314,Austria,14.2958,46.618,,entomologist
http://www.wikidata.org/entity/Q2146269,341,United Kingdom,-1.063136,53.950825,,researcher
http://www.wikidata.org/entity/Q2146269,42,United Kingdom,-1.063136,53.950825,,researcher
http://www.wikidata.org/entity/Q2493177,362,Austria,13.055631,47.799341,,researcher
http://www.wikidata.org/entity/Q2034327,3341,Latvia,24.065,56.93166667,,hepatologist
http://www.wikidata.org/entity/Q2146269,51,United Kingdom,-1.063136,53.950825,,researcher
http://www.wikidata.org/entity/Q1774649,1050,Germany,7.010868,51.350343,,researcher
http://www.wikidata.org/entity/Q2146269,376,United Kingdom,-1.063136,53.950825,,researcher
http://www.wikidata.org/entity/Q162684,18298,Germany,13.377222,52.526944,,nutritionist
http://www.wikidata.org/entity/Q1774635,2500,Germany,8.879495,51.941461,,physician
http://www.wikidata.org/entity/Q1525831,48,United States of America,-95.3975,29.7078,,librarian
http://www.wikidata.org/entity/Q1525831,48,United States of America,-95.3975,29.7078,,systems biologist
http://www.wikidata.org/entity/Q1802031,1749,Austria,14.2961,48.2803,,Q2496362
http://www.wikidata.org/entity/Q1802031,1749,Austria,14.2961,48.2803,,psychoanalyst
http://www.wikidata.org/entity/Q2146269,277,United Kingdom,-1.063136,53.950825,,researcher
http://www.wikidata.org/entity/Q1602557,1925,Germany,13.510033,52.630944,,politician
http://www.wikidata.org/entity/Q1602557,1925,Germany,13.510033,52.630944,,physician
http://www.wikidata.org/entity/Q1802293,1100,Austria,15.615,48.4122,,researcher
http://www.wikidata.org/entity/Q1897718,1700,Germany,8.05375,52.2703,,researcher
http://www.wikidata.org/entity/Q2034327,3341,Latvia,24.065,56.93166667,,virologist
http://www.wikidata.org/entity/Q2317163,365,Austria,16.3444,48.2158,,physician
http://www.wikidata.org/entity/Q2317163,365,Austria,16.3444,48.2158,,surgeon
http://www.wikidata.org/entity/Q2034327,3341,Latvia,24.065,56.93166667,,rheumatologist
http://www.wikidata.org/entity/Q2317163,365,Austria,16.3444,48.2158,,art collector
http://www.wikidata.org/entity/Q1802031,1749,Austria,14.2961,48.2803,,family therapist
http://www.wikidata.org/entity/Q316207,10444,Germany,9.976667,53.591389,,chief physician
http://www.wikidata.org/entity/Q316207,10444,Germany,9.976667,53.591389,,chemist
http://www.wikidata.org/entity/Q316207,10444,Germany,9.976667,53.591389,,psychotherapist
http://www.wikidata.org/entity/Q316207,10444,Germany,9.976667,53.591389,,radiologist
http://www.wikidata.org/entity/Q2945756,14106,France,-0.604324,44.8276,,dermatologist
http://www.wikidata.org/entity/Q2945756,14106,France,-0.604324,44.8276,,immunologist
http://www.wikidata.org/entity/Q2945756,14106,France,-0.604324,44.8276,,gastroenterologist
http://www.wikidata.org/entity/Q2945756,14106,France,-0.604324,44.8276,,pediatrician
http://www.wikidata.org/entity/Q2945756,14106,France,-0.604324,44.8276,,radiologist
http://www.wikidata.org/entity/Q1734280,15000,Sweden,18.03222222,59.35222222,,psychologist
http://www.wikidata.org/entity/Q1734280,15000,Sweden,18.03222222,59.35222222,,biologist
http://www.wikidata.org/entity/Q1734280,15000,Sweden,18.03222222,59.35222222,,oncologist
http://www.wikidata.org/entity/Q2945756,14106,France,-0.604324,44.8276,,writer
http://www.wikidata.org/entity/Q2945756,14106,France,-0.604324,44.8276,,university teacher
http://www.wikidata.org/entity/Q1734280,15000,Sweden,18.03222222,59.35222222,,medical researcher
http://www.wikidata.org/entity/Q7374945,13,United Kingdom,-2.391,51.3917,,medical researcher
http://www.wikidata.org/entity/Q7374945,14,United Kingdom,-2.391,51.3917,,medical researcher
http://www.wikidata.org/entity/Q316207,10444,Germany,9.976667,53.591389,,cognitive scientist
http://www.wikidata.org/entity/Q316207,10444,Germany,9.976667,53.591389,,cardiac surgeon
http://www.wikidata.org/entity/Q7531321,2478,Croatia,15.9518706,45.8160205,,physician
http://www.wikidata.org/entity/Q7531321,2478,Croatia,15.9518706,45.8160205,,rheumatologist
http://www.wikidata.org/entity/Q3446347,11032,Norway,10.387778,63.420833,,scientist
http://www.wikidata.org/entity/Q3446347,11032,Norway,10.387778,63.420833,,economist
http://www.wikidata.org/entity/Q3886634,1546,Italy,12.413948,41.947782,,physician
http://www.wikidata.org/entity/Q3886634,1546,Italy,12.413948,41.947782,,researcher
http://www.wikidata.org/entity/Q3886634,1546,Italy,12.413948,41.947782,,jazz musician
http://www.wikidata.org/entity/Q3886634,1546,Italy,12.413948,41.947782,,radiologist
http://www.wikidata.org/entity/Q14996990,1136,United Kingdom,-0.15027778,51.52297222,,researcher
http://www.wikidata.org/entity/Q1223627,2915,Germany,13.294388888889,53.545888888889,,researcher
http://www.wikidata.org/entity/Q1009265,1113,Germany,13.3703,52.535,,military physician
http://www.wikidata.org/entity/Q14996990,1152,United Kingdom,-0.15027778,51.52297222,,researcher
http://www.wikidata.org/entity/Q1009286,1485,Germany,7.54297,50.3689,,physician
http://www.wikidata.org/entity/Q1009286,1485,Germany,7.54297,50.3689,,researcher
http://www.wikidata.org/entity/Q14996990,1150,United Kingdom,-0.15027778,51.52297222,,researcher
http://www.wikidata.org/entity/Q1223627,2943,Germany,13.294388888889,53.545888888889,,researcher
http://www.wikidata.org/entity/Q12352334,160,Germany,10.945512,50.837887,,theologian
http://www.wikidata.org/entity/Q12352334,160,Germany,10.945512,50.837887,,pedagogue
http://www.wikidata.org/entity/Q1009270,780,Germany,10.078206,53.595627,,researcher
http://www.wikidata.org/entity/Q15110594,117,Germany,8.32444444,51.14472222,,researcher
http://www.wikidata.org/entity/Q14996990,1196,United Kingdom,-0.15027778,51.52297222,,researcher
http://www.wikidata.org/entity/Q1009277,1571,Germany,9.9455,48.4252,,physician
http://www.wikidata.org/entity/Q1009277,1571,Germany,9.9455,48.4252,,researcher
http://www.wikidata.org/entity/Q14996990,1226,United Kingdom,-0.15027778,51.52297222,,researcher
http://www.wikidata.org/entity/Q1009277,1571,Germany,9.9455,48.4252,,military physician
http://www.wikidata.org/entity/Q1009270,780,Germany,10.07599,53.594478,,researcher
http://www.wikidata.org/entity/Q1223627,3053,Germany,13.294388888889,53.545888888889,,researcher
http://www.wikidata.org/entity/Q20180497,1200,Germany,6.84444,51.243014,,researcher
http://www.wikidata.org/entity/Q2496379,7950,Germany,6.987717,51.435235,,YouTuber
http://www.wikidata.org/entity/Q2496379,7950,Germany,6.987717,51.435235,,video blogger
http://www.wikidata.org/entity/Q2496379,7950,Germany,6.987717,51.435235,,attending physician
